wallet_id,ts,event_type,token,amount,bonus_id,tx_hash
w00286,2025-08-01T07:49:34Z,deposit,USDC,64.53,,0xe9bfe19831cb4aeb85e028ac0c775f9a
w00286,2025-08-01T11:37:34Z,wager,USDC,73.95,,0xb1cf9f84a7ac4930a9c4d3444d4250d6
w00286,2025-08-01T11:48:34Z,payout,USDC,51.95,,0x4e2f0b2548874ed099afd629a6e55d25
w00286,2025-08-01T11:59:34Z,bonus,USDC,23.33,B162,0x2d3389baa901421fb4e720e08fc68b17
w00286,2025-08-01T12:34:34Z,wager,USDC,47.25,,0x338db025c6b3490e91cf9c7cc4512afc
w00286,2025-08-01T13:01:34Z,payout,USDC,24.21,,0x0fd990ce22304a5799510e28fc2e7d2e
w00272,2025-08-01T14:39:13Z,deposit,USDT,55.75,,0x0045914aec95450a8cf62b0c05c7fc1d
w00043,2025-08-01T18:45:27Z,deposit,USDC,34.84,,0x3783475f595f49d68e8c6a6b63cc4546
w00272,2025-08-01T19:42:13Z,wager,USDC,8.29,,0xa988fdfbddc046f785f7339752ad4654
w00272,2025-08-01T20:02:13Z,payout,USDC,7.34,,0xb00d8c001161487985fe368fb68449e8
w00043,2025-08-01T21:02:27Z,wager,USDT,51.28,,0x9d1d5a5b85374c64b98145409c765159
w00043,2025-08-01T21:31:27Z,payout,USDT,43.98,,0x4177fbd87ce342c0b83d4638cd8b8e77
w00043,2025-08-01T21:34:27Z,bonus,USDT,17.9,B978,0xb79545eadb20420a8f5025b4814591a2
w00272,2025-08-01T23:03:13Z,wager,USDC,14.17,,0xab63d90f56904721b9650038d5173130
w00272,2025-08-01T23:06:13Z,payout,USDC,12.89,,0x30ed81a810774dd1a849daae544f7830
w00272,2025-08-01T23:38:13Z,wager,USDT,32.04,,0xca2cce6d81404ea7ac9a42b5ab9c4313
w00043,2025-08-02T00:19:27Z,wager,USDC,26.55,,0xd7aa4ff2e1c24709a70e159b7f94bfb8
w00043,2025-08-02T00:23:27Z,wager,USDC,27.02,,0xecd88d94c5ca46e89618459829a9263d
w00043,2025-08-02T00:58:27Z,wager,USDC,9.03,,0xc23e3521d2984a0bbee2508251c2a807
w00043,2025-08-02T01:14:27Z,payout,USDC,7.64,,0x0e86d34955184e08b5c6961c12244319
w00043,2025-08-02T01:44:27Z,wager,USDC,26.89,,0xac1c7619569d4fce868f2b6a74007e4a
w00043,2025-08-02T01:46:27Z,payout,USDC,24.52,,0x9057743cf1684614bf16da039d91a9dd
w00043,2025-08-02T03:48:27Z,wager,USDC,30.98,,0xe444fded5aec45e4a520e9942f4bdb83
w00043,2025-08-02T04:11:27Z,payout,USDC,15.71,,0x9ae63ba88c864838bfca7bf2d0c6e817
w00267,2025-08-02T04:43:03Z,deposit,USDC,96.59,,0x9825e99a02d148a489beb773fba94f49
w00385,2025-08-02T05:37:19Z,deposit,USDC,102.06,,0x9ba35a8e10d541b888cd1b7656702e47
w00061,2025-08-02T06:23:55Z,deposit,USDC,53.99,,0x15bfb7f5cc9a4055b778039932afbd67
w00110,2025-08-02T07:34:42Z,deposit,USDC,89.0,,0xcbdb8bc7ec2a40809ebb68c797622ce9
w00069,2025-08-02T08:36:14Z,deposit,USDC,67.9,,0xf210d3305902451d89c3ff9b2fcdb54c
w00110,2025-08-02T08:38:42Z,wager,USDT,71.53,,0x1a23664786d94656a19007812c79ac70
w00110,2025-08-02T09:04:42Z,payout,USDT,58.82,,0x11fec66400cb49e888b936ec08945384
w00110,2025-08-02T09:47:42Z,wager,USDT,54.93,,0x52a7288c3f5e4641b9b62bd030ca77d7
w00110,2025-08-02T10:16:42Z,payout,USDT,47.9,,0xef9eb233156e49d9a4edb12f1dfef94b
w00061,2025-08-02T12:15:55Z,wager,USDC,21.14,,0x9fa58651104b49ffbb6e78f426fe10e1
w00069,2025-08-02T12:18:14Z,wager,USDT,99.74,,0xdf7627c5e69e4202b7ed1bbe3c7468e9
w00069,2025-08-02T12:57:14Z,wager,USDT,49.42,,0x4a229564bceb4c8996294641c7fe78b5
w00069,2025-08-02T13:09:14Z,payout,USDT,34.37,,0xf8d794bd101b4c0985ba7789ad7c25ee
w00145,2025-08-02T14:10:51Z,deposit,USDC,111.08,,0x48757de6f59b43f7954bedd2af59965b
w00061,2025-08-02T14:59:55Z,wager,USDC,37.12,,0xa231a2050e9641ac94dfdcc2c3f68c96
w00061,2025-08-02T15:07:55Z,payout,USDC,21.52,,0x47366340093a472faf2da6dd5d0781c4
w00069,2025-08-02T15:18:14Z,wager,USDC,24.24,,0x6bf386c287b04b9a91dbd04487c20608
w00069,2025-08-02T15:19:14Z,wager,USDC,33.98,,0x4d526d381e0a45ec82d8847074b46d02
w00069,2025-08-02T15:46:14Z,payout,USDC,27.4,,0xf4b467e30a0240e3a61ec459632f6f33
w00069,2025-08-02T15:47:14Z,payout,USDC,16.54,,0xac4f72becd9f4153bcaa00d7c1b22489
w00061,2025-08-02T15:47:55Z,bonus,USDC,16.37,B838,0x627b1ee8d68d4e2e992791724c1e76f9
w00124,2025-08-02T16:01:24Z,deposit,USDC,80.84,,0xaff40a02ec974892825b05eb7fb6ce61
w00061,2025-08-02T16:38:55Z,wager,USDT,25.66,,0x0cdafd499ece408ca9a6cc87af98ab0a
w00061,2025-08-02T16:55:55Z,payout,USDT,17.59,,0x9891d99dd4a04f92a75f6913ef21d695
w00145,2025-08-02T17:54:51Z,wager,USDC,38.67,,0x431286e6c67c4048a3619e290c21c02f
w00086,2025-08-02T18:06:38Z,deposit,USDC,55.88,,0x305415a339c148908a33a5ef084ed6f5
w00061,2025-08-02T19:09:55Z,wager,USDC,38.26,,0xbaf41e479b614f0fb5889987320b0a98
w00061,2025-08-02T19:13:55Z,payout,USDC,35.15,,0xa345cdeeb5d54e8283bac6b463c5cbf9
w00061,2025-08-02T19:21:55Z,bonus,USDC,9.77,B794,0xb226b3c81d1a4c8abcfcb12431cfec45
w00061,2025-08-02T19:32:55Z,wager,USDT,9.31,,0x8e9a0ef47d4f468dbfec9073ff9661c1
w00061,2025-08-02T19:40:55Z,payout,USDT,7.82,,0x84d1cac7b8624d1eb025d1e2dea46eb8
w00061,2025-08-02T19:51:55Z,bonus,USDT,12.55,B980,0x1f38c03c3eca44db81b646061937a78f
w00086,2025-08-02T20:22:38Z,wager,USDC,11.72,,0x6111d713a40d46d3a41f98db42168684
w00086,2025-08-02T20:47:38Z,payout,USDC,7.56,,0xb1b213f388304e1bb65c77c1f3a94af0
w00124,2025-08-02T21:48:24Z,wager,USDC,41.48,,0xff2a91fc8870468083fa45ff1efe8867
w00124,2025-08-02T22:14:24Z,payout,USDC,36.54,,0x4c7441a7aae7469da4d26743e8de8c95
w00124,2025-08-02T23:37:24Z,wager,USDC,9.36,,0x025295c2e3354e909718714c222aa77e
w00124,2025-08-02T23:45:24Z,payout,USDC,5.33,,0xf85cd007293e4eed8e2a7de4260d140d
w00086,2025-08-03T00:21:38Z,wager,USDT,38.87,,0x513cbec1e92948efba031fcebbbeaf56
w00086,2025-08-03T01:08:38Z,bonus,USDT,15.23,B206,0x2f78d12e47cf480694c083204a5bd6c1
w00086,2025-08-03T01:22:38Z,wager,USDC,63.01,,0xaeb92519ca95455492edf1329e5285a3
w00086,2025-08-03T01:25:38Z,payout,USDC,31.58,,0x7f8b3fdbd5d543e78d31a3b744a549df
w00124,2025-08-03T02:58:24Z,wager,USDC,21.19,,0xedb3b585cc3b4dc1b35a292ccde191bc
w00124,2025-08-03T03:38:24Z,wager,USDT,32.13,,0x7a88467754554ba7b06fa7ffb8c5f726
w00124,2025-08-03T04:02:24Z,payout,USDT,26.59,,0x7f2c00c330b242689b141c72537082fc
w00086,2025-08-03T04:22:38Z,wager,USDT,41.68,,0x2650628accbc4560b7caecb293d5896e
w00086,2025-08-03T04:45:38Z,payout,USDT,24.77,,0x5648b8d61cf24de094501c045e95d3a3
w00086,2025-08-03T07:56:38Z,wager,USDT,46.07,,0x0c243892a76c43d68abaa80ef1aa8561
w00086,2025-08-03T08:23:38Z,payout,USDT,27.93,,0x45e6cc91daef4a0c9a170a08fe54d029
w00086,2025-08-03T09:45:38Z,wager,USDT,17.49,,0x9937fb9e4e974ec7ab7aa3586d4ca758
w00086,2025-08-03T10:11:38Z,payout,USDT,9.24,,0x20c62c85e99048e383a375325571ef53
w00304,2025-08-03T10:36:40Z,deposit,USDC,32.46,,0x9db9f47e70fd4ecbbe6de9b5681f6eb2
w00304,2025-08-03T13:31:40Z,wager,USDT,8.65,,0xe94af0eb0b24423eb62c08877219aea3
w00304,2025-08-03T13:44:40Z,payout,USDT,6.46,,0xafc04f19409947a2bd58557ac843d020
w00326,2025-08-03T16:03:25Z,deposit,USDC,120.82,,0xf03e322083274a6ca729de989699e6f2
w00304,2025-08-03T16:19:40Z,wager,USDC,7.2,,0xcb21b085f5fa481d9d2d46282882ac6e
w00350,2025-08-03T16:21:43Z,deposit,USDC,112.68,,0xc207c452c3aa4e1b916720849a089146
w00189,2025-08-03T17:08:18Z,deposit,USDT,135.95,,0xb4019112369f4f6b8872b2bdbc6ec71f
w00304,2025-08-03T18:44:40Z,wager,USDC,31.48,,0x62e6b35add7c4465a3c682d1be083f63
w00304,2025-08-03T18:53:40Z,payout,USDC,22.83,,0x058f9b15eeea46c58ffe22000846db29
w00220,2025-08-03T19:33:32Z,deposit,USDC,27.57,,0x4d83ab6aa8734ca09a7d530ae5552bff
w00304,2025-08-03T19:50:40Z,wager,USDT,24.64,,0xedc449744a6e4a50a5ecaa40f95d9bea
w00304,2025-08-03T20:02:40Z,payout,USDT,13.13,,0xc93e745fa01847ecb75e3d582a255cc4
w00189,2025-08-03T20:40:18Z,wager,USDC,84.47,,0xe951615e5b5148ad9af340e767264bea
w00189,2025-08-03T21:08:18Z,payout,USDC,57.09,,0x159ad313777a471db5a1c087d61b2d90
w00220,2025-08-03T22:02:32Z,wager,USDT,19.32,,0x37e44a24176649ebb28712bc5aa488a8
w00220,2025-08-03T22:18:32Z,payout,USDT,13.97,,0x2c663b62e4c145708572d649918802db
w00304,2025-08-03T22:54:40Z,wager,USDC,8.74,,0xf7519f66bc7b4ed6bf7514ec9828632e
w00189,2025-08-03T23:06:18Z,wager,USDT,43.25,,0xd62a05c9b9484b5c8caab512dfe361d1
w00304,2025-08-03T23:21:40Z,payout,USDC,5.53,,0x0e7c68c63b69466d9dee542b264c8fd4
w00220,2025-08-04T00:02:32Z,wager,USDC,21.5,,0x39a52eaa0a944e9fba1e2781bfc19168
w00189,2025-08-04T00:13:18Z,wager,USDC,9.16,,0xd823c1acbf104e24bb03a331ce4ba0ab
w00220,2025-08-04T00:14:32Z,wager,USDT,33.55,,0x2563d272d3364f148f961a30e658ebbd
w00220,2025-08-04T00:27:32Z,payout,USDC,20.35,,0x7d296b7f3c6c42f4b7ac110c165a5744
w00220,2025-08-04T00:31:32Z,payout,USDT,30.65,,0xa42b2b4195244b3aa3a4e8dd0abd7458
w00189,2025-08-04T00:41:18Z,payout,USDC,6.4,,0xdcdfd8cf95c344399d5d838a7ac43820
w00304,2025-08-04T02:29:40Z,wager,USDC,22.3,,0xfa895e9123524a39a319ebd7b5c6a68b
w00220,2025-08-04T02:43:32Z,wager,USDT,32.66,,0x8f5792399ea24522b6a44f5b091ac1a4
w00304,2025-08-04T02:57:40Z,bonus,USDC,10.32,B729,0x39064459093d48ad87b9af2161971dd4
w00304,2025-08-04T02:58:40Z,payout,USDC,20.47,,0x5c6cea296207485a93d2774bd7b8557b
w00220,2025-08-04T03:03:32Z,payout,USDT,27.43,,0x0970ce95e75941968f1597f76ff458bd
w00356,2025-08-04T03:27:19Z,deposit,USDT,58.25,,0xc03862fe555e4f07bcdacfbde2d99868
w00282,2025-08-04T03:47:53Z,deposit,USDT,103.95,,0x03aec4212a404300bb9cda6add584696
w00135,2025-08-04T06:01:36Z,deposit,USDC,19.62,,0x0cacc6808d334af08fa6964fd991ba32
w00356,2025-08-04T06:03:19Z,wager,USDC,10.57,,0xd618e538b4db4a9892ded195a6b1054a
w00356,2025-08-04T06:15:19Z,wager,USDC,43.7,,0xb32e12e59b2148bb99ca892cf33257b2
w00356,2025-08-04T06:19:19Z,payout,USDC,5.53,,0x530e55d121ba47598bd8a7a5a327d0d7
w00356,2025-08-04T06:25:19Z,payout,USDC,27.51,,0xf41399a184f74e1585be744c00049098
w00220,2025-08-04T06:27:32Z,wager,USDT,10.96,,0x6c28352873e547ba9149ea6f0b763bc3
w00120,2025-08-04T06:42:02Z,deposit,USDT,113.86,,0x989bbb6a1401426196bfbacf0c264c7a
w00220,2025-08-04T06:48:32Z,payout,USDT,6.36,,0x9739ff7d779d4fba94faf32ff984d421
w00282,2025-08-04T07:53:53Z,wager,USDC,36.37,,0x2de401a2123b49cb9224d97bb0b3b0df
w00135,2025-08-04T08:03:36Z,wager,USDT,45.18,,0xea11df4e01da457f8d8bd7a5d9504b73
w00135,2025-08-04T08:04:36Z,payout,USDT,31.98,,0x58bc1fa0cc0745cf90c0cae9a751abd7
w00282,2025-08-04T08:15:53Z,payout,USDC,22.4,,0x60680d13ed8649b783ec8496dc5b5874
w00356,2025-08-04T08:29:19Z,wager,USDC,20.98,,0xd65e17ac9e78432199c5899788c7d720
w00356,2025-08-04T08:53:19Z,payout,USDC,13.64,,0x624b89b76a7c4233a80501b6d9a1a884
w00220,2025-08-04T08:57:32Z,wager,USDT,31.94,,0x63a7b46b8b684b73bedac9dbc94b8504
w00220,2025-08-04T09:18:32Z,payout,USDT,30.12,,0xbc562281131f4ff8a0865e22bf463979
w00282,2025-08-04T10:34:53Z,wager,USDC,48.09,,0x446f2e749e5b4584837295f214f561bb
w00282,2025-08-04T10:51:53Z,payout,USDC,33.92,,0x5fbb8ed966ba43c8bb47b39103d92ce3
w00356,2025-08-04T11:05:19Z,wager,USDT,11.07,,0x06f2a2f6b0f142a08990ef7a13ac1ebb
w00135,2025-08-04T11:50:36Z,wager,USDC,44.67,,0xdc3071dd2a5e49598e79f914e8176443
w00135,2025-08-04T12:03:36Z,payout,USDC,23.74,,0xe3224ef7cdb445d4b7c76976cdcaa900
w00356,2025-08-04T12:04:19Z,wager,USDC,16.78,,0xe3dd90e25233495e92865328508da836
w00356,2025-08-04T12:21:19Z,payout,USDC,11.08,,0x424b9a9db50241b181367ac39cf3b26c
w00135,2025-08-04T12:42:36Z,bonus,USDC,12.01,B576,0xea5b5856006e46389fb2697e0f8d6260
w00216,2025-08-04T13:23:37Z,deposit,USDT,58.61,,0x5d4742ecb75744399ce0222fb24550bb
w00342,2025-08-04T13:28:01Z,deposit,USDT,60.18,,0xbedf52eb646c4907a13d8b08dae3f147
w00356,2025-08-04T13:56:19Z,wager,USDT,24.38,,0x51d68d6dd5da49d5827031646c153d77
w00356,2025-08-04T14:17:19Z,payout,USDT,15.85,,0xc9ffc8c69c3341ffab86c06700ea210c
w00282,2025-08-04T14:23:53Z,wager,USDC,11.66,,0x82fb2f31b74649e4b70dd1bdc634875d
w00356,2025-08-04T14:43:19Z,payout,USDT,13.45,,0x9140897f24fb4504a6b57c1957a1806f
w00356,2025-08-04T14:43:19Z,wager,USDT,20.03,,0x709359d47ee2480caf0f021923a79a79
w00356,2025-08-04T14:49:19Z,bonus,USDT,17.83,B793,0x9f7a809dd0554d1387ceae93cdaf469b
w00282,2025-08-04T14:50:53Z,payout,USDC,6.47,,0x411cbee86ec840368bc9408d66d3c7ea
w00282,2025-08-04T15:39:53Z,wager,USDC,51.62,,0x2e09294c3405479da49801c91e5e1d99
w00135,2025-08-04T15:46:36Z,wager,USDC,28.02,,0x306b60c3b26d4f1da8015d5a0a90ee34
w00282,2025-08-04T15:53:53Z,payout,USDC,27.67,,0x16cb2165b7d14c3caafa496df6c4feea
w00216,2025-08-04T15:54:37Z,wager,USDC,20.64,,0xba664241b3254ce28db16df268dbba7d
w00216,2025-08-04T16:02:37Z,payout,USDC,14.74,,0xe6af91e030754efc92ccfa7a389d2fbf
w00135,2025-08-04T16:09:36Z,payout,USDC,21.92,,0xec0cc7e1e5ac46cebaeccec7319b7fc0
w00216,2025-08-04T16:15:37Z,wager,USDC,39.95,,0x3208a415257f4efaa6d478b04dda1232
w00282,2025-08-04T16:20:53Z,wager,USDC,29.36,,0x26c249e447464a8da1a6da6db9acbf49
w00216,2025-08-04T16:31:37Z,payout,USDC,37.17,,0xb6fa147a0a024633a3f2712689593e05
w00216,2025-08-04T16:35:37Z,bonus,USDC,17.28,B521,0x27a7bf1b57154b5b81ce8dae4b765363
w00282,2025-08-04T16:48:53Z,payout,USDC,27.12,,0x671948eb535a49d58e14084c0812491f
w00216,2025-08-04T17:15:37Z,wager,USDC,60.32,,0x919e267af73c4053a27aaeb5a0670d2a
w00216,2025-08-04T17:15:37Z,payout,USDC,32.23,,0x020d7f38f686473fbb44eccd8114bf2f
w00216,2025-08-04T17:25:37Z,wager,USDC,12.37,,0xb4bbab306c424ac48a741db675d7af68
w00216,2025-08-04T17:35:37Z,bonus,USDC,20.62,B383,0x3d0a89a8278b4111a240b9f20bffb85c
w00282,2025-08-04T17:35:53Z,wager,USDT,12.64,,0x946817e302ce4db98535c761607c2666
w00282,2025-08-04T17:48:53Z,payout,USDT,9.73,,0xeee97cf7ed54482c801de2c085d702c5
w00216,2025-08-04T17:52:37Z,payout,USDC,11.36,,0x77136cbc205540aaa5256d01dd5130bd
w00103,2025-08-04T17:53:05Z,deposit,USDC,101.69,,0xc775cdda18eb466898219f9df62aefd3
w00135,2025-08-04T18:24:36Z,wager,USDT,16.87,,0x9bd3df98faa14a8f9a1abdce38b8ee6d
w00135,2025-08-04T18:30:36Z,payout,USDT,11.61,,0xadbeaf32dd004520848a225b3723d847
w00342,2025-08-04T18:34:01Z,wager,USDC,9.82,,0xfcb9ad072de642a8a9c6472e9c13f14a
w00342,2025-08-04T18:49:01Z,payout,USDC,6.04,,0xb9af537c817a4acab3f0f6dfac3fd11f
w00103,2025-08-04T19:13:05Z,wager,USDC,18.99,,0x755173cd7dc842428a4f0bf981c5545e
w00103,2025-08-04T19:20:05Z,bonus,USDC,5.96,B448,0x24aa95c9490645eb9dcfddde64706134
w00103,2025-08-04T19:24:05Z,wager,USDC,11.37,,0x7a172a8b9f2f416fafa1570582ff103e
w00103,2025-08-04T19:34:05Z,payout,USDC,15.83,,0x30a3a677be554d67943d8ea534e512d4
w00216,2025-08-04T20:59:37Z,wager,USDT,4.94,,0x1c25ab307072452bb2e8ec50dc77b18e
w00342,2025-08-04T21:01:01Z,wager,USDT,26.88,,0xa9e6312976d44281ba16cf34f6f9ce70
w00216,2025-08-04T21:13:37Z,payout,USDT,3.89,,0x881972c547d9453ab0820bc7cab217f7
w00342,2025-08-04T21:14:01Z,payout,USDT,20.62,,0xe4a0065d18564685a48a3877fdd46c85
w00216,2025-08-04T23:24:37Z,wager,USDC,25.33,,0xe0c1a65ed99845aa8135391b96324d12
w00216,2025-08-04T23:47:37Z,payout,USDC,13.42,,0xb64a929bb23946e68a5cc88763e838b1
w00166,2025-08-05T03:13:08Z,deposit,USDT,84.28,,0xb0c799f5498b4db9a39b49e1a701a67e
w00238,2025-08-05T03:32:11Z,deposit,USDT,71.4,,0x36d78339832c45a99a740c8bc005a809
w00166,2025-08-05T04:48:08Z,wager,USDT,16.45,,0x449b7e98cd7246bcb8fac1fbe2795f83
w00166,2025-08-05T04:52:08Z,payout,USDT,14.58,,0xdd017ccdb64a4dcaa38dea63fec35b4c
w00038,2025-08-05T06:44:03Z,deposit,USDC,58.48,,0xcfd384f3021842579e9295188e0f14c1
w00238,2025-08-05T07:27:11Z,wager,USDC,132.9,,0x65fcb7743de84b879e7ae72f29164c1b
w00238,2025-08-05T07:40:11Z,payout,USDC,90.96,,0xec3e1a1c8e9f4b98b05e24b0eca2d5f7
w00238,2025-08-05T08:57:11Z,wager,USDC,49.16,,0xd19c3d8a6a77472e826ec45cb512a38a
w00238,2025-08-05T09:21:11Z,payout,USDC,37.58,,0xe3a4439fedeb430e897bd91b6bfdc53e
w00238,2025-08-05T09:58:11Z,wager,USDT,50.05,,0x3670d53c03ee4cb3a0f7834c1c89d2c0
w00238,2025-08-05T10:00:11Z,payout,USDT,47.09,,0x77ba7a2ce3c1457c89eb037eacc956dd
w00238,2025-08-05T11:19:11Z,wager,USDC,18.74,,0x669146bf22fb461bb38cb352be35ef49
w00238,2025-08-05T12:11:11Z,bonus,USDC,23.59,B662,0x8295d7b15da14b329bae6e3e762fcd4a
w00238,2025-08-05T13:46:11Z,wager,USDT,46.53,,0x3e174781224f41e282e775e5d955ee82
w00238,2025-08-05T13:59:11Z,payout,USDT,28.69,,0x609ba845edaf45bd8cc0190093ae72f5
w00238,2025-08-05T14:50:11Z,wager,USDC,18.02,,0x480c14b8fde84097bc129577723bf718
w00238,2025-08-05T15:06:11Z,payout,USDC,10.52,,0xef06c67e89ab477195354eee501a98c5
w00238,2025-08-05T17:19:11Z,wager,USDC,10.91,,0xdfdd4cbc2f20418b9a58906f43ab6cd2
w00238,2025-08-05T17:23:11Z,payout,USDC,7.7,,0x2a69de88211946258cfbc0cb64dee0b3
w00146,2025-08-06T01:26:47Z,deposit,USDT,86.39,,0x1c9e28dfed2b4922a93cf5711fe26f8e
w00146,2025-08-06T03:47:47Z,wager,USDT,17.45,,0x132b9f7b90d545f98ec0abd7ba5a64e7
w00146,2025-08-06T06:25:47Z,wager,USDT,20.92,,0x8b4fba62252c41849915cd080075c9ce
w00146,2025-08-06T06:42:47Z,payout,USDT,19.01,,0x590ce896edec41ed9ab6831b18d12009
w00146,2025-08-06T08:05:47Z,wager,USDT,15.13,,0x6d38eb8a7ebc459f909eee45852ac721
w00146,2025-08-06T08:17:47Z,payout,USDT,11.35,,0x80300f960e0b4ceeb760d7c5f50547a3
w00109,2025-08-06T09:08:32Z,deposit,USDT,90.11,,0xc082656a8d6241cc9943782ae5508227
w00146,2025-08-06T11:49:47Z,wager,USDT,23.15,,0x5d0ba4e481584033a8ea0713e59c2ae6
w00144,2025-08-06T12:02:24Z,deposit,USDC,82.67,,0x2ff62eb6b6994c7fa2651a66f2177a5f
w00146,2025-08-06T12:15:47Z,payout,USDT,12.45,,0xe41c4dc766394a20a2b51d8ba9734ec7
w00109,2025-08-06T13:02:32Z,wager,USDT,56.05,,0x87b3b7af1a0e46cc802f80d3fb97c637
w00109,2025-08-06T13:14:32Z,payout,USDT,37.58,,0x158fd750d252471ba6fd0a63c2536e09
w00144,2025-08-06T15:41:24Z,wager,USDT,22.99,,0x04cc1b74c0be43d6a1c9d72fe7cc045d
w00144,2025-08-06T15:45:24Z,bonus,USDT,7.19,B895,0x02beac3581e8431ea89549508ea496ba
w00003,2025-08-06T16:06:25Z,deposit,USDC,68.78,,0x02cb32e92d824623b303ffc38dd5d736
w00144,2025-08-06T16:08:24Z,payout,USDT,12.33,,0x0da66fde62c248508122650d4fa1a9f0
w00109,2025-08-06T16:38:32Z,wager,USDC,18.97,,0x52acb78fb201444f8ab5a0517a3a3e7c
w00109,2025-08-06T16:52:32Z,payout,USDC,14.64,,0xd1eab42fa07b424a96cf390adff02ec6
w00109,2025-08-06T17:25:32Z,wager,USDT,19.87,,0x61ec434fc5b84b06b3d4b7f68ff402d0
w00109,2025-08-06T17:37:32Z,payout,USDT,13.59,,0x63084f3b18de4805858fff6e05ea1795
w00235,2025-08-06T17:38:41Z,deposit,USDT,114.56,,0x2140fd1acca749538ab7e205541fc3cf
w00367,2025-08-06T18:21:51Z,deposit,USDC,63.41,,0x5ce4ca7aebb1400d99b8add3f8f0a73d
w00261,2025-08-06T18:38:18Z,deposit,USDT,84.64,,0x2c74e59ebb2c493ead26267744b42852
w00029,2025-08-06T18:41:38Z,deposit,USDC,150.92,,0xd570b64d778c40a2a18e976452dade40
w00144,2025-08-06T19:06:24Z,wager,USDC,29.12,,0xfb00b1bb6011452b9d46ea02a9e4aaad
w00003,2025-08-06T20:50:25Z,wager,USDC,12.45,,0xf80de9fa10c042d689045f67c28f5b52
w00003,2025-08-06T21:00:25Z,payout,USDC,6.79,,0xcc8944386b624ec49fa5a88002751d57
w00003,2025-08-06T22:18:25Z,wager,USDT,33.89,,0xa29ee7c105904cf497b7570e1f724137
w00003,2025-08-06T22:25:25Z,payout,USDT,22.03,,0xa4b10c76812544f9bc79c2d8319e8e86
w00128,2025-08-06T22:36:55Z,deposit,USDC,108.2,,0x8ebc3567fcd5451ead9ef3cbacac0333
w00003,2025-08-06T22:39:25Z,wager,USDT,18.05,,0x48bfce50326246369d31f0dab0ff4188
w00144,2025-08-06T22:50:24Z,wager,USDT,26.8,,0xd85ab80ae5ce45aea767f67eb714636a
w00367,2025-08-06T23:03:51Z,wager,USDC,38.47,,0xb182e16b39a64de786b925fa38fd63a4
w00003,2025-08-06T23:04:25Z,payout,USDT,14.04,,0xacda984b51f2428c882a06fdfdefd99d
w00029,2025-08-06T23:04:38Z,wager,USDT,57.17,,0xf20ba91432c34506952821992a692e1c
w00144,2025-08-06T23:08:24Z,payout,USDT,19.62,,0x8ccfcb2d1bed4cdabdaf7eab6e13e867
w00003,2025-08-06T23:10:25Z,bonus,USDT,19.16,B761,0xd8f38bb2f36e4fe2aaceabacd38b68ef
w00029,2025-08-06T23:26:38Z,payout,USDT,53.94,,0x04e7c0ce5ae040a1996c6627490509cd
w00128,2025-08-06T23:51:55Z,wager,USDT,83.17,,0xd01655be581041f4ad6fe1375fc795a4
w00128,2025-08-06T23:55:55Z,payout,USDT,72.24,,0x1b5418fa078a414c8e49ea648db0a54c
w00367,2025-08-07T00:06:51Z,wager,USDC,37.73,,0x03270d86d7574e45aaa68e163e8b579d
w00367,2025-08-07T00:19:51Z,payout,USDC,28.11,,0x9a69c831472a4dbfb2ab771c90e70b86
w00029,2025-08-07T01:07:38Z,wager,USDC,60.34,,0x03287958119245a799c02ca25ee7a77c
w00029,2025-08-07T01:12:38Z,payout,USDC,36.75,,0x5370294cc2c84dd1ba6c361103a611ea
w00029,2025-08-07T01:40:38Z,bonus,USDC,12.36,B983,0x19b9d06b51654b2d9855d48c109d630e
w00144,2025-08-07T01:56:24Z,wager,USDC,62.29,,0xd3740172dd8647a4ba29a8151519d084
w00144,2025-08-07T02:03:24Z,payout,USDC,47.16,,0x0fe8a7f0255342bb8feb90e27af3e2a7
w00029,2025-08-07T04:25:38Z,wager,USDC,45.89,,0x01c842d61f8f449db33a27ffed760381
w00144,2025-08-07T05:53:24Z,wager,USDC,43.7,,0xa380aa680c1040608282da04434795a6
w00144,2025-08-07T06:16:24Z,payout,USDC,36.28,,0xd8105668ce6f443e9ceea460b440408b
w00029,2025-08-07T06:49:38Z,wager,USDT,63.6,,0xc67d37d58a8b463fa583586d4db00b8d
w00144,2025-08-07T08:20:24Z,wager,USDT,98.76,,0xfac3a1c9203448718aaed7580cb61265
w00029,2025-08-07T08:26:38Z,wager,USDT,20.64,,0xc0ef2d35ffef470db6f9d8bee6845bd1
w00144,2025-08-07T08:47:24Z,payout,USDT,87.96,,0x324236e3e0f54a718c4ea414439e5387
w00029,2025-08-07T08:52:38Z,payout,USDT,11.72,,0xe3cc810527814a8ca891464eb874ae0d
w00032,2025-08-07T09:14:18Z,deposit,USDC,117.12,,0x170aea52558645748f24b3f6d29c322e
w00032,2025-08-07T11:26:18Z,wager,USDT,31.31,,0x9c97d2b810af4cb38ce19519ddee3fef
w00032,2025-08-07T11:53:18Z,payout,USDT,19.29,,0x7bbaa4b56cc24b4a9094d9bb12772800
w00357,2025-08-07T22:29:50Z,deposit,USDT,67.92,,0x75498bb902be4b5f961f64db55e3a802
w00357,2025-08-08T00:51:50Z,wager,USDC,21.08,,0x31fbf8b0c27445aaa21ec2a066c59cde
w00123,2025-08-08T02:05:17Z,deposit,USDT,61.93,,0x89d1550c71904977b92efcafb0565444
w00037,2025-08-08T03:42:17Z,deposit,USDT,60.85,,0xd955bfa27d014f989a9a36df0feb13ad
w00123,2025-08-08T04:27:17Z,wager,USDT,31.16,,0x2ba5b8b81b2447c2b803f63c93072158
w00066,2025-08-08T04:29:47Z,deposit,USDT,100.18,,0x89d841f30b5b490a8f1efb4edbaf3eba
w00357,2025-08-08T04:32:50Z,wager,USDC,10.72,,0xbb5b39c557c04d678bc82d09060b64c7
w00123,2025-08-08T04:37:17Z,payout,USDT,16.54,,0xa33c06178b644dfdadd0fb1a65f39a6f
w00357,2025-08-08T05:00:50Z,payout,USDC,5.85,,0xad08384e80524b549448215cb4e46625
w00177,2025-08-08T05:19:51Z,deposit,USDC,47.01,,0x833daa979e3a4207869fba956c85aea3
w00357,2025-08-08T06:17:50Z,wager,USDC,36.49,,0x0e97abb09b2c4aa5b3c2218c5d9ef304
w00066,2025-08-08T06:19:47Z,wager,USDC,70.14,,0x941fb3cc35de4be594305ef5371b28aa
w00123,2025-08-08T06:20:17Z,wager,USDC,14.21,,0x123df63f01f24081a15d4d261ab27b93
w00123,2025-08-08T06:27:17Z,payout,USDC,11.72,,0x2439c65cf5334f1e8ee332248f5a386c
w00352,2025-08-08T06:47:20Z,deposit,USDT,90.95,,0xbff4cb66f40f418d916d3dd2e07ce883
w00357,2025-08-08T07:14:50Z,wager,USDC,24.1,,0xb340fb063ab14bd7a6512c5e13e14fdf
w00357,2025-08-08T07:20:50Z,wager,USDC,10.7,,0xa2b360d5fe5646b08d7d8e2a199dc7fe
w00357,2025-08-08T07:43:50Z,payout,USDC,12.17,,0x88e9be9038cb402d8c19ba0ada213813
w00357,2025-08-08T07:47:50Z,payout,USDC,7.99,,0xdcf7680111524dada456463a20213a0d
w00357,2025-08-08T08:22:50Z,wager,USDT,28.62,,0x9d835b7edfd04e128d798c40c8cfdee4
w00066,2025-08-08T08:36:47Z,wager,USDC,9.9,,0x1a60f185fdb547c9aa2e32388f6c8dea
w00066,2025-08-08T09:01:47Z,payout,USDC,8.61,,0xe9c3a77a693e4496bc54ac671327e5c7
w00177,2025-08-08T09:03:51Z,wager,USDC,61.57,,0xf3e6d772033947de8fcb3465eb577798
w00177,2025-08-08T09:27:51Z,payout,USDC,41.55,,0xd7a726d68eb247029ec08a4a0bdc39dd
w00161,2025-08-08T09:43:14Z,deposit,USDT,146.7,,0x90b2d7c4a42647aba613a8526fc1aa39
w00123,2025-08-08T10:07:17Z,wager,USDT,10.53,,0x28ce388838de4696ae5e2927a0ff0cd2
w00123,2025-08-08T10:29:17Z,payout,USDT,9.76,,0x9e91e036f36745919556c2354fd7b35f
w00123,2025-08-08T11:16:17Z,wager,USDC,38.3,,0x5fc15636fe4a4da295fca64ee987d8af
w00322,2025-08-08T11:31:09Z,deposit,USDC,74.43,,0x5cd4e994724e49688b8aaa5f49af4aa2
w00123,2025-08-08T11:41:17Z,payout,USDC,27.49,,0x7fa6fe15ea3548f2b1d2b74489edcb83
w00066,2025-08-08T11:50:47Z,wager,USDT,20.73,,0xc3f6b69bb6624cd3ac14e8a3718c680d
w00066,2025-08-08T11:54:47Z,payout,USDT,11.12,,0x753466f4cce4494699bdc02a1b021b0c
w00357,2025-08-08T11:54:50Z,wager,USDC,10.63,,0xaec7f15c11234ff3838ce647478f2bff
w00066,2025-08-08T13:39:47Z,wager,USDT,37.03,,0x31515db732a54fa3b57f2a4bd5410aff
w00066,2025-08-08T13:58:47Z,payout,USDT,24.69,,0xd5ef8534aa1e4e4991876b68bf1fdf63
w00066,2025-08-08T16:04:47Z,wager,USDC,9.75,,0x581870eb875c409599c5bc8ebc70730e
w00066,2025-08-08T16:09:47Z,bonus,USDC,16.84,B903,0x7d1b89071b494acca6257afdb1a308ed
w00066,2025-08-08T16:28:47Z,payout,USDC,9.03,,0x521ae6342d204a868d3e7a08a0370036
w00053,2025-08-08T22:01:56Z,deposit,USDT,185.28,,0xdd0872edccc84740b1f8033003cb4014
w00024,2025-08-09T01:46:18Z,deposit,USDC,70.81,,0x4e68a82ba89c4882aeae7adbc48ed891
w00022,2025-08-09T02:11:01Z,deposit,USDC,19.54,,0xbfdf2c0a79f84bc88c85170c2842715a
w00053,2025-08-09T02:52:56Z,wager,USDT,36.99,,0xe328306e72894bc2b1f3dbd45d7475a0
w00053,2025-08-09T03:17:56Z,payout,USDT,18.78,,0x1ee71e7ef9dc495880e02aafd9170c7d
w00022,2025-08-09T04:40:01Z,wager,USDT,34.53,,0x5919da4a477a4f52b3a4d35cd2f2f300
w00150,2025-08-09T04:59:02Z,deposit,USDC,191.6,,0xc4a20515a66d426aa5726b79445e6b5d
w00022,2025-08-09T05:03:01Z,payout,USDT,21.45,,0xfbcc5e29a2e44e3c9f16e57b8e7878dc
w00053,2025-08-09T05:48:56Z,wager,USDC,46.63,,0xd890f83f1a9a4069827db4703cfc2815
w00053,2025-08-09T05:51:56Z,payout,USDC,40.25,,0xc49c408a036a4ef3a731c42c9491149a
w00053,2025-08-09T06:11:56Z,wager,USDC,22.72,,0x8a05a69d730a4685946ed621818b7b48
w00022,2025-08-09T06:16:01Z,wager,USDC,24.22,,0x52106c5ec317453fb09e4473012080b7
w00293,2025-08-09T06:26:38Z,deposit,USDT,203.94,,0xd0a2c0df88f14ec4872158ca7ee93d5a
w00053,2025-08-09T06:32:56Z,payout,USDC,11.85,,0x44f64149f08a48149b64cd6cc9ffb824
w00022,2025-08-09T06:35:01Z,payout,USDC,18.19,,0x1943318ff1c64b88bb1f3b544deb34b5
w00053,2025-08-09T07:20:56Z,wager,USDC,11.32,,0xe0900b94dc254a81a2bda67185de0e39
w00053,2025-08-09T07:39:56Z,payout,USDC,10.18,,0x4f9ff5c5b3784b1885c127675ab32c77
w00022,2025-08-09T08:09:01Z,wager,USDT,35.98,,0x5bc678db36f2460fa40a59729ce4d727
w00022,2025-08-09T08:34:01Z,payout,USDT,19.04,,0x6f473f73f14943bcb93d4e33df163a1e
w00022,2025-08-09T08:47:01Z,bonus,USDT,24.25,B609,0xfb0c2175c77846628077a723137b7dcc
w00293,2025-08-09T09:05:38Z,wager,USDT,12.42,,0x8bc572bb9379489f9d0b07accb0a38c8
w00293,2025-08-09T09:26:38Z,payout,USDT,6.43,,0xf2d27d1fad794ca3b32cee4db722591d
w00022,2025-08-09T10:02:01Z,wager,USDC,7.08,,0x65b04318a780457abd00b97118726fed
w00053,2025-08-09T10:26:56Z,wager,USDC,74.36,,0x3e3d1922b5124e6b89ca57a80ba856c2
w00022,2025-08-09T10:28:01Z,payout,USDC,6.72,,0x9d0b4210d353468caf835b3b903b9e5c
w00022,2025-08-09T10:29:01Z,bonus,USDC,17.19,B741,0xd0a11a4cae8a49279cc8e8171491748d
w00053,2025-08-09T10:49:56Z,payout,USDC,53.95,,0x42254459c52e4f27857879657cb3b4b3
w00293,2025-08-09T10:52:38Z,wager,USDC,29.03,,0x4064dabf83534abca8a3a033dc7b37ef
w00022,2025-08-09T10:56:01Z,wager,USDT,26.61,,0x4dcb5f639d4e414ca3fc83c01e229b10
w00293,2025-08-09T11:01:38Z,payout,USDC,19.58,,0x6ae554541f8a47c68b776faa3ecbf353
w00219,2025-08-09T12:10:29Z,deposit,USDT,84.82,,0x5396dc0fe1de49c9885a62d47dde233f
w00310,2025-08-09T12:55:06Z,deposit,USDC,106.1,,0x50ed137cce6c409095ed0edbbc57db48
w00293,2025-08-09T12:57:38Z,wager,USDT,8.8,,0xda1a4b072ab841d48502b8c68edf49cb
w00009,2025-08-09T13:15:58Z,deposit,USDC,98.6,,0xa6a6563cfa4d400691eacc4c105542b4
w00293,2025-08-09T13:26:38Z,payout,USDT,6.22,,0xbc990006d1014270946e4b09ae0f4458
w00293,2025-08-09T13:33:38Z,bonus,USDT,7.6,B221,0x0402254e7d014cee9df2b24ed90b2a2a
w00310,2025-08-09T15:44:06Z,wager,USDT,19.26,,0xbf9380f7b0f945fa8ff19c43984b1b34
w00293,2025-08-09T15:47:38Z,wager,USDT,14.44,,0x2c6599ed274c4661b4d5ed3bdb3aeff1
w00293,2025-08-09T15:49:38Z,payout,USDT,9.66,,0xc5370e2221374f7ba796e8dff1138645
w00310,2025-08-09T16:02:06Z,payout,USDT,17.49,,0x5ca6880b723146eb824b0081e9cb2c54
w00219,2025-08-09T16:45:29Z,wager,USDT,14.18,,0x45e8b87947f64605b0c4d6545406a5fc
w00310,2025-08-09T17:36:06Z,wager,USDC,49.19,,0x133767c778c64da8ac0cb1284efdf122
w00310,2025-08-09T17:54:06Z,payout,USDC,45.32,,0xfdc4d0e2afa34b3f94d207cb3ee06dd3
w00219,2025-08-09T18:39:29Z,wager,USDT,26.6,,0x646057e0309c48809c28028926d89b79
w00219,2025-08-09T18:40:29Z,bonus,USDT,10.86,B587,0xba531d8686fa49b882c74f8a77f45823
w00219,2025-08-09T18:42:29Z,payout,USDT,17.16,,0xc3d48e519b7c427f97ae0de67a7465e7
w00293,2025-08-09T19:08:38Z,wager,USDC,32.06,,0x0a5e9c2d6d8d4747a6661727fab5d147
w00293,2025-08-09T19:20:38Z,payout,USDC,30.23,,0x6a10d23cdc4d4cc691cdc42a647393ec
w00293,2025-08-09T20:07:38Z,wager,USDC,51.05,,0x9a8a42f4039f43d08d0208f617877367
w00310,2025-08-09T20:21:06Z,wager,USDC,24.63,,0xb91530819c2a4f949a383ba652227860
w00293,2025-08-09T20:26:38Z,payout,USDC,47.6,,0x01ea40a1aae94db1aed9f0798fc1aa64
w00219,2025-08-09T20:37:29Z,wager,USDT,40.53,,0xd36920f9fd2c4863a7a82bb0eab49e44
w00219,2025-08-09T20:48:29Z,wager,USDC,39.52,,0xb0901326487c4a31b84f7430443d2d72
w00219,2025-08-09T20:52:29Z,payout,USDT,29.13,,0x17c2bb7e684442bba632314b355a18f3
w00219,2025-08-09T21:04:29Z,payout,USDC,20.54,,0xeaddabb75cb9458eafc78cc171720680
w00293,2025-08-09T21:56:38Z,wager,USDT,171.24,,0x49674a8e2c77472cadac2c48a1d495aa
w00293,2025-08-09T22:22:38Z,payout,USDT,144.33,,0x6f4c10413f3d463ca863e585d6dfbb8b
w00219,2025-08-09T23:36:29Z,wager,USDT,57.44,,0x6488a03803174917bb5f305bdad8563d
w00219,2025-08-09T23:44:29Z,payout,USDT,44.19,,0x6168d0f41752447f89174eb70c9daa73
w00310,2025-08-09T23:58:06Z,wager,USDT,45.45,,0x582a0bc2e9b34782a71ef1e792110a0a
w00310,2025-08-10T00:07:06Z,payout,USDT,37.12,,0x04610193db4044668dfbec33d0571af2
w00219,2025-08-10T01:40:29Z,wager,USDT,13.05,,0x2e91bd1e668d48f6bb7ad59e375e1d35
w00063,2025-08-10T01:57:25Z,deposit,USDT,56.74,,0x21c57b0f73714f5ead488c5fe3c00ca5
w00219,2025-08-10T01:57:29Z,payout,USDT,8.81,,0xf847fe1cf7b94edca7c4f98a6f9ebb46
w00063,2025-08-10T05:14:25Z,wager,USDC,52.69,,0x642029d6db454715bd36588d008ee6e7
w00063,2025-08-10T05:42:25Z,payout,USDC,27.61,,0xe141ab5405d94b4680a61c491daf3f39
w00044,2025-08-10T05:56:45Z,deposit,USDC,99.79,,0x8555748e34a44bc1bc9853dcf0106fde
w00063,2025-08-10T07:22:25Z,wager,USDC,34.02,,0x32166a01c1334424aa2a758837616090
w00063,2025-08-10T07:47:25Z,payout,USDC,24.4,,0xb0b60449051d4065bb9e9c3a49918393
w00063,2025-08-10T09:13:25Z,wager,USDT,24.75,,0x0332cf7847d94d158b548bcaf4b0d406
w00063,2025-08-10T09:17:25Z,payout,USDT,13.3,,0x180ae3d415cb40fea41d99c4788c1cae
w00044,2025-08-10T10:44:45Z,wager,USDC,6.95,,0x58e2332abb7f417b9fe29acbd069bae0
w00044,2025-08-10T11:12:45Z,payout,USDC,6.14,,0xbdd9fcbe2a864d8ca315fc83ee25b4c7
w00044,2025-08-10T11:51:45Z,wager,USDT,56.37,,0x046180a8a649432793269d1e26702417
w00044,2025-08-10T12:15:45Z,payout,USDT,32.48,,0xc7ec343ab719436187c5925d6575917d
w00044,2025-08-10T12:48:45Z,bonus,USDT,12.89,B665,0xe852e916ab0f4d0c9b0a7118a6bd69c2
w00044,2025-08-10T12:58:45Z,wager,USDC,21.34,,0x37aaa2be53274cb2b914daad11667769
w00044,2025-08-10T13:21:45Z,payout,USDC,16.14,,0x0532da58569b4994ab5a3a108513be5a
w00340,2025-08-10T13:26:02Z,deposit,USDT,51.67,,0x0dfeafd7c3fc4a079f2476a58a7c72d8
w00178,2025-08-10T15:02:05Z,deposit,USDC,203.2,,0x79d34b67e2184b54bb7455f66033f519
w00044,2025-08-10T15:29:45Z,wager,USDT,42.29,,0x6126ed3ec93f4f2693a22c37da1e5392
w00340,2025-08-10T15:43:02Z,wager,USDC,17.84,,0x54118d2d8e774aaf96f6e75b49747807
w00044,2025-08-10T15:55:45Z,payout,USDT,23.81,,0x2473f17cbfbc43b29357f66eb88c5d7f
w00340,2025-08-10T16:09:02Z,payout,USDC,9.14,,0xac53c62898534874be038f2898f92ed3
w00178,2025-08-10T17:34:05Z,wager,USDC,6.01,,0x8a2f6e531af0491cbdfd3aae4382878b
w00178,2025-08-10T17:36:05Z,payout,USDC,3.2,,0x88f44584b8cb4e43b4948b05c01d57ab
w00044,2025-08-10T19:23:45Z,wager,USDC,12.73,,0x9a421bedcb7c435c8f044789f3f7cf0a
w00340,2025-08-10T19:24:02Z,wager,USDC,20.39,,0x4807db3218da4e999f7ed152e2e2d72a
w00340,2025-08-10T19:34:02Z,payout,USDC,14.15,,0x86dbd5607b70403e90730f72a5bfcf67
w00044,2025-08-10T20:02:45Z,bonus,USDC,22.55,B884,0x30e5cc2cab8d47898a520d55c674740e
w00340,2025-08-10T20:20:02Z,wager,USDT,43.83,,0xd2e99ca914d743f5a1b39a6a1d4e55df
w00340,2025-08-10T20:22:02Z,payout,USDT,33.36,,0xa3cb8f69684f417c8917138ea62624d4
w00340,2025-08-10T22:09:02Z,wager,USDC,51.85,,0x9756e3cfb153495d91536b5a399f5d33
w00044,2025-08-10T22:19:45Z,wager,USDT,57.87,,0x07745760a51d4c94bd5ba5d052b6fcea
w00340,2025-08-10T22:23:02Z,payout,USDC,34.16,,0xb26d3bcfb43d45a691ba102eac5bbc5d
w00044,2025-08-10T22:28:45Z,payout,USDT,43.33,,0x1ce8e6bb15364413bd93cce184a5e94e
w00044,2025-08-10T22:45:45Z,wager,USDC,56.69,,0x5bf6615fc7c94b46a572883d0d2c4976
w00044,2025-08-10T23:09:45Z,payout,USDC,49.01,,0xc8323576a5be48758627bf70b69b2923
w00340,2025-08-10T23:20:02Z,wager,USDT,19.46,,0xb48fafd2849f4b99bf446f2cac9ce13c
w00340,2025-08-10T23:24:02Z,payout,USDT,17.14,,0x3577383f454d4806bcb58178698ea9bd
w00044,2025-08-10T23:42:45Z,bonus,USDC,17.23,B927,0x06d415a038d64f5db89e675739717bca
w00363,2025-08-11T00:39:58Z,deposit,USDC,211.21,,0x865b5da847eb4e3088e73adb7924841a
w00363,2025-08-11T02:20:58Z,wager,USDC,24.73,,0x81883be6b2f1459181544ec27707824f
w00363,2025-08-11T02:37:58Z,wager,USDT,48.34,,0x11251e9aed8d4b5ebd5913254701337a
w00363,2025-08-11T02:45:58Z,payout,USDT,36.07,,0x252d4e0908944d18b0524a454929cf99
w00363,2025-08-11T02:46:58Z,payout,USDC,21.46,,0xc32a531b5fbe424e8bb9117b96dc0b85
w00363,2025-08-11T02:47:58Z,bonus,USDC,19.47,B347,0x7aa2cafe1b8c499e8e32e093437191d1
w00363,2025-08-11T05:25:58Z,wager,USDC,47.72,,0x454a882489354e028ae4d935bcdcc3cd
w00363,2025-08-11T05:45:58Z,payout,USDC,37.9,,0xa401320a46f443b1ab5484772c39fd4f
w00363,2025-08-11T07:56:58Z,wager,USDC,13.72,,0x17303fae00f244ea881c3f9c6102d549
w00363,2025-08-11T08:15:58Z,payout,USDC,7.17,,0x2f95a45184994b78b36e2bb1d667be3c
w00307,2025-08-11T17:23:49Z,deposit,USDC,62.56,,0xae300879608847268ade75b1230326b0
w00307,2025-08-11T20:21:49Z,wager,USDT,30.22,,0xdc614528201b4976a0fac690b5da9f00
w00307,2025-08-11T20:32:49Z,payout,USDT,19.74,,0xa50ba7efaacd4bb3832b30fde12a486f
w00162,2025-08-11T22:29:59Z,deposit,USDT,108.69,,0xe981cc18e36e4a5bbbf6f56f4c3af5da
w00307,2025-08-11T22:40:49Z,wager,USDT,14.87,,0x832adeb79d2442a49b450d54ff7c8550
w00307,2025-08-11T22:50:49Z,payout,USDT,12.97,,0x0906717547424ec7b3a536c651f9cae2
w00162,2025-08-12T00:23:59Z,wager,USDT,38.31,,0x097fe070b50c4dc0a608d5dc740df42c
w00162,2025-08-12T00:36:59Z,payout,USDT,30.06,,0x03a0ab742da845d280f48c6830969521
w00162,2025-08-12T01:41:59Z,wager,USDT,32.54,,0x7927f74a2d964584b0b5d3da4bea73ef
w00162,2025-08-12T01:45:59Z,payout,USDT,23.78,,0x5abb0530782e41588e0621fc5a395c0e
w00162,2025-08-12T02:34:59Z,bonus,USDT,22.09,B652,0x011525f0c1a343ddabd0d928e08dfe89
w00162,2025-08-12T05:32:59Z,wager,USDC,24.3,,0x27bcab0bb2b4454eb3e1acc807037368
w00162,2025-08-12T05:33:59Z,payout,USDC,16.08,,0xa56e36f6fe354972892a914e9111d41d
w00291,2025-08-12T12:41:09Z,deposit,USDC,77.91,,0xc10ac7023715492ca5f0a09ef1af4aae
w00117,2025-08-12T18:04:12Z,deposit,USDC,95.96,,0xa89be8502a904d8390ad32749972988b
w00117,2025-08-12T19:42:12Z,wager,USDC,52.19,,0x27c6e8ecccb2441aa0e0cbadcfb1e7f4
w00117,2025-08-12T19:44:12Z,payout,USDC,39.05,,0x08df400d2f164186bfefcbdc11b9288b
w00117,2025-08-12T23:18:12Z,wager,USDT,66.03,,0x98f960f3f6124f87b87b7a637913dc56
w00117,2025-08-12T23:46:12Z,payout,USDT,38.84,,0x075e9d2c160140ba9be85351d022ae4f
w00117,2025-08-13T03:07:12Z,wager,USDT,8.2,,0x93f599907e354520816377743e234cce
w00117,2025-08-13T03:07:12Z,payout,USDT,4.76,,0x562d4269a05648689a46cd23af5fe600
w00039,2025-08-13T03:59:06Z,deposit,USDC,42.26,,0x35da013daa404466b5ea8fa1b4c822b3
w00347,2025-08-13T04:09:26Z,deposit,USDC,106.39,,0xb1e6557f41b94a33871d1920e7d8dbae
w00117,2025-08-13T04:39:12Z,wager,USDC,54.99,,0x8f9d3e395f6b4a7284a91359bdd7fb4c
w00117,2025-08-13T04:40:12Z,payout,USDC,33.39,,0xcc3ac823edb543bcb79661edb0078859
w00130,2025-08-13T04:48:40Z,deposit,USDC,47.74,,0xdd14fd7f44e341af836b1e20f6368d51
w00117,2025-08-13T04:52:12Z,bonus,USDC,21.11,B187,0xd7430faab2ff4d2286034695370220d5
w00130,2025-08-13T08:40:40Z,wager,USDC,27.98,,0xf59635969a94437a98ef2a3c3652071b
w00130,2025-08-13T09:02:40Z,payout,USDC,24.15,,0x7660cbccd46c4175a20e0e01f12ce55b
w00256,2025-08-13T09:36:01Z,deposit,USDT,47.96,,0xdcdce3c0c1de481e9cd85c2379296b0d
w00130,2025-08-13T12:00:40Z,wager,USDT,48.73,,0x065b6f9e23dc4f258d084c3c844b14f0
w00130,2025-08-13T12:24:40Z,payout,USDT,29.84,,0x865520e37be348c8870937c3ff667ad1
w00130,2025-08-13T12:25:40Z,bonus,USDT,17.93,B670,0x25588b27aa2447ce814094b639900e83
w00256,2025-08-13T12:29:01Z,wager,USDT,60.32,,0x2f5f22fe3ae94d67a67df878b213ea3f
w00256,2025-08-13T12:49:01Z,payout,USDT,56.87,,0x9d6202ac4df44c35825025e1f9dfb334
w00071,2025-08-13T13:42:01Z,deposit,USDC,220.28,,0xc79a4f45592842af80feb33c66ca8910
w00130,2025-08-13T15:53:40Z,wager,USDC,70.64,,0x3b6c239ab2b246f5927c674e28245a8b
w00130,2025-08-13T16:07:40Z,payout,USDC,65.33,,0x6decce69bcc842d996d06c1cd47d6fc0
w00071,2025-08-13T17:59:01Z,wager,USDT,15.4,,0xa32d902732c84f2da122f1741e70976c
w00071,2025-08-13T18:40:01Z,wager,USDT,15.94,,0xe99e48e104ac4ed7a79ddfeee733f3fa
w00071,2025-08-13T18:58:01Z,bonus,USDT,14.27,B797,0x5401ae0f8a5348cf9520f2c52026ac09
w00090,2025-08-13T19:42:53Z,deposit,USDT,67.12,,0x8b7444cb5b504bc58c24028723be4301
w00090,2025-08-13T23:51:53Z,wager,USDT,26.22,,0x4d06962c7b4444b0905562737d9b7b06
w00370,2025-08-14T00:00:11Z,deposit,USDC,91.25,,0x7cd67c30151444ee8d2f89f0b0729842
w00090,2025-08-14T00:20:53Z,payout,USDT,14.16,,0x2b093f231d7b4ea8b4b4a7d8a330686c
w00370,2025-08-14T03:41:11Z,wager,USDC,53.8,,0x033d534b002840f5abebc24e9088b8f3
w00370,2025-08-14T05:42:11Z,wager,USDC,13.4,,0x2dafdd4e48444c898cce82e4f554a9b9
w00370,2025-08-14T05:47:11Z,payout,USDC,8.27,,0x1d7e2a806d3a4bb984586f85dee167bd
w00393,2025-08-14T07:44:18Z,deposit,USDC,131.94,,0x943a5fc8ad9441e987d236382e477d4a
w00370,2025-08-14T09:04:11Z,wager,USDT,27.93,,0x230da5677dfe43949c4ef1baa421ce57
w00370,2025-08-14T09:21:11Z,payout,USDT,25.81,,0x45bde6859dde4a65b65d96a96aa6eeca
w00370,2025-08-14T09:50:11Z,bonus,USDT,22.63,B720,0x1795b62e78ca4fb59e0585aa98a6c920
w00298,2025-08-14T13:02:00Z,deposit,USDT,35.73,,0xbf15bed73bd74688b60f4d02cad45cf3
w00298,2025-08-14T17:41:00Z,wager,USDC,15.03,,0xba3755a928e34f8b9a144520edf7aa92
w00298,2025-08-14T18:07:00Z,payout,USDC,10.5,,0xf77f3fa7491f4ae5949279a346bde9c7
w00224,2025-08-14T22:17:03Z,deposit,USDC,57.52,,0x612e0c7256964ddbac9cdc10d102767e
w00224,2025-08-14T23:37:03Z,wager,USDT,14.86,,0x93023cb17f984045a9398779c5008e8d
w00224,2025-08-14T23:43:03Z,payout,USDT,12.04,,0xc58f33211f6244a59dfc56009b57e536
w00262,2025-08-15T00:34:34Z,deposit,USDC,106.28,,0x9475abfa01c541a8b1f6bff6851d1469
w00349,2025-08-15T01:23:08Z,deposit,USDT,86.93,,0x0075409003cd4afb9876e3f32bdbde3d
w00349,2025-08-15T03:08:08Z,wager,USDT,11.66,,0x8e8a78876cbf46ecb31e3498325404c9
w00349,2025-08-15T03:34:08Z,payout,USDT,9.58,,0x9d9f8b7f13844ba3a96dc10d74755364
w00349,2025-08-15T06:26:08Z,wager,USDT,23.89,,0x38d09f45e13a479f9880a8b95b9088dd
w00349,2025-08-15T06:48:08Z,payout,USDT,21.85,,0x5de7b2a8c07d4ee0ac268721797823ad
w00351,2025-08-15T06:54:49Z,deposit,USDC,34.5,,0xbd60efd6848746f5a04eb6361b95acc5
w00089,2025-08-15T07:54:17Z,deposit,USDC,21.58,,0x52348d7f75a847e085b87b3eee951430
w00351,2025-08-15T08:47:49Z,wager,USDT,21.12,,0x34ea3321b0d94cd29c3a0043bc3d2bcc
w00351,2025-08-15T08:47:49Z,payout,USDT,17.27,,0x4bb4549932cc4b29821224a1a96ec7f7
w00349,2025-08-15T09:15:08Z,wager,USDT,23.49,,0x9c075bf4c19241fdbbc651c4a8aaa793
w00349,2025-08-15T09:27:08Z,payout,USDT,13.81,,0x2a1bbe3a07344aaabae851faf8db1bc8
w00351,2025-08-15T09:39:49Z,bonus,USDT,24.34,B438,0xb9a4681a09ea41d283fd7d539f1c8ed9
w00285,2025-08-15T09:45:38Z,deposit,USDC,116.6,,0xa0f630b340924becba9ba0ca4ada7a52
w00349,2025-08-15T10:25:08Z,wager,USDT,25.85,,0xaa5ce04dec074739926dff098356477a
w00349,2025-08-15T10:44:08Z,payout,USDT,16.83,,0x9d8e57600c05491a9cd7c7724124720e
w00351,2025-08-15T11:01:49Z,wager,USDC,96.88,,0x00d5b3882eca46b59a6e179e4793d1e4
w00349,2025-08-15T11:13:08Z,bonus,USDT,8.15,B436,0xf1069cb39d6742d29bec5bc6cf38c944
w00351,2025-08-15T11:16:49Z,payout,USDC,53.61,,0x776de82a44b74954ad3773879802078c
w00193,2025-08-15T12:04:27Z,deposit,USDT,34.82,,0xaa0ae15929384f9f8615d5a29ad8f77a
w00351,2025-08-15T12:05:49Z,wager,USDC,27.88,,0xf160c8930a8747368f4ace550f02f40a
w00351,2025-08-15T12:16:49Z,bonus,USDC,19.29,B758,0x0d7c2a4edc85421caa3dd00d569706b6
w00349,2025-08-15T13:28:08Z,wager,USDT,37.35,,0xec89de92b67241748009b10b389a761b
w00349,2025-08-15T13:44:08Z,payout,USDT,27.91,,0x2d4728ec8cb54c1581c3b410b944f38f
w00285,2025-08-15T13:48:38Z,wager,USDT,15.1,,0x13b46f7f73654a27be74916ce08e62e0
w00285,2025-08-15T14:08:38Z,payout,USDT,7.85,,0xc4bbfe1158494d7bbfbc0305ab85c42c
w00285,2025-08-15T14:50:38Z,wager,USDC,25.23,,0xf0c0b973e6254a35ace97e475d0accb3
w00285,2025-08-15T15:14:38Z,payout,USDC,18.96,,0xac707d01afb24445bb39acce0cbfaa66
w00285,2025-08-15T15:27:38Z,bonus,USDC,19.58,B604,0x46b62e29638d4845942e8370845e5259
w00349,2025-08-15T16:43:08Z,wager,USDT,87.54,,0x57c37d26467441569a868749d822c147
w00349,2025-08-15T16:46:08Z,payout,USDT,62.78,,0xff32bb1fb93249d1be0ccb47448195a2
w00266,2025-08-15T16:53:44Z,deposit,USDC,194.31,,0xb46e731df05043c9bff741918f1516d7
w00285,2025-08-15T17:16:38Z,wager,USDT,37.7,,0x064968d650904f5abeff6533099fbcee
w00285,2025-08-15T17:28:38Z,payout,USDT,25.7,,0x01bb3e23ee414467bc9d3cb79c2436d4
w00349,2025-08-15T19:09:08Z,wager,USDC,44.12,,0x16b3d77042b74736bfde25922c7aafdd
w00285,2025-08-15T19:15:38Z,wager,USDT,49.0,,0x2d6db6e26806488caba78369de334b80
w00349,2025-08-15T19:19:08Z,payout,USDC,22.38,,0xc25e0d2cc2234be593b1b762d8650ef2
w00285,2025-08-15T19:20:38Z,payout,USDT,36.46,,0xe0ed92d4cc874cc5a8218a14be72e1a8
w00349,2025-08-15T19:22:08Z,bonus,USDC,21.78,B587,0x9da65bca672f4488be50698174cd2ac3
w00266,2025-08-15T19:31:44Z,wager,USDT,55.71,,0x6afb233aeb094c26b858f0379675a542
w00266,2025-08-15T19:47:44Z,payout,USDT,50.51,,0x8056f87bde5b4240802defb151b2c8dc
w00266,2025-08-15T20:10:44Z,wager,USDT,10.79,,0x2fd2a2dd747d42eb852d9e746e2c1a62
w00266,2025-08-15T20:37:44Z,payout,USDT,9.32,,0x6370f948fccd4ccab3c5e3167f8420a7
w00266,2025-08-15T21:00:44Z,bonus,USDT,18.3,B309,0xc1c9bbbd02504d219aa698c2785516c2
w00266,2025-08-15T22:41:44Z,wager,USDT,32.82,,0xf94f83e849b541ab8543ece854f0c2b3
w00266,2025-08-15T22:42:44Z,payout,USDT,18.91,,0x89e1181f7b45438088da8d6c9e832023
w00106,2025-08-15T22:46:22Z,deposit,USDT,103.9,,0xc0b6963342064bdfbd9d015dd5f948f1
w00054,2025-08-16T00:10:54Z,deposit,USDT,35.95,,0x241c9513c6034e489ad818684eab48b9
w00327,2025-08-16T00:18:39Z,deposit,USDC,37.5,,0x59de1d6500644b698bbf9b8c6296d851
w00266,2025-08-16T00:41:44Z,wager,USDC,42.75,,0x7b63d373f9f74cfd9c7b8197a2c68561
w00266,2025-08-16T00:54:44Z,payout,USDC,28.68,,0xc1906ecdc1e744fe96a9166a673bc1b9
w00266,2025-08-16T01:16:44Z,wager,USDT,29.92,,0x191932704a4c4182bfe38550a0a98df9
w00266,2025-08-16T01:29:44Z,payout,USDT,20.52,,0x8c5f5809fc4f4eef92051e6e8ee46808
w00266,2025-08-16T01:40:44Z,bonus,USDT,14.58,B980,0x38afd6ffa478442cacdefe8e197a48be
w00106,2025-08-16T02:15:22Z,wager,USDC,5.27,,0xc5b185165d6d4e59b32903adf3d67adc
w00106,2025-08-16T02:33:22Z,payout,USDC,4.12,,0xa27ef139b190420786b269ed880aa098
w00266,2025-08-16T04:04:44Z,wager,USDC,58.58,,0x4845f458fd2b42efa2289060467ce464
w00266,2025-08-16T04:29:44Z,payout,USDC,48.79,,0x54cfc03806794962ba730802915ed338
w00106,2025-08-16T05:14:22Z,wager,USDC,7.34,,0x4a8df28e875a4bd18d6d79737211f973
w00106,2025-08-16T05:29:22Z,payout,USDT,14.21,,0x7dcc3003418f4461bba55a5aae3f0a16
w00106,2025-08-16T05:29:22Z,wager,USDT,15.87,,0x58852b9f613c41c58011844431e3e62f
w00106,2025-08-16T05:33:22Z,payout,USDC,4.78,,0xbcad7937cbe547628547fa0f992d9e72
w00084,2025-08-16T06:47:57Z,deposit,USDT,75.33,,0x6b08475c927842bd8cfeeeec67f7e07e
w00283,2025-08-16T07:30:54Z,deposit,USDC,149.23,,0x3cd90b13c85441e7977479f8a7b9c7c4
w00106,2025-08-16T08:13:22Z,wager,USDT,53.31,,0x56f4bf539de045579b8441185a3b0d0d
w00106,2025-08-16T08:37:22Z,payout,USDT,50.59,,0xb8e9b111e4ce4b5ea10fbf1567aced43
w00283,2025-08-16T08:50:54Z,wager,USDT,31.33,,0xf4e3d87ac3c846e0abd7a431a0bf66b3
w00283,2025-08-16T08:55:54Z,payout,USDT,18.09,,0x19209c13e8b04bf589622a52d0af22dc
w00106,2025-08-16T09:50:22Z,wager,USDT,28.72,,0x36f20aa484404bb2aa772028680fc8a2
w00106,2025-08-16T10:16:22Z,payout,USDT,23.5,,0x93846809a8444b9183effb3ae668e1c0
w00283,2025-08-16T11:25:54Z,wager,USDC,46.12,,0x91f9c7248f10424982eee9e44085e46e
w00297,2025-08-16T11:35:34Z,deposit,USDC,72.63,,0x683a0dd56ef342d18a866cdea0fb7c95
w00283,2025-08-16T11:53:54Z,payout,USDC,38.44,,0xdf224cfc0a034d26a01c4bacd98e38d6
w00283,2025-08-16T12:04:54Z,bonus,USDC,6.33,B449,0x2bc65c2255f94be3bbb8f43ccb070937
w00230,2025-08-16T12:32:16Z,deposit,USDT,38.6,,0x64646d2ba3044edfa78ed4cf87b4d583
w00386,2025-08-16T18:42:40Z,deposit,USDC,151.88,,0xe7aa0203329c4db499a761b700dba57a
w00324,2025-08-17T03:53:52Z,deposit,USDT,99.08,,0x1e8c1aea8db042a5a54f5cd4358ecdfa
w00284,2025-08-17T03:58:20Z,deposit,USDC,97.45,,0x7793cd8df3584d6db7c51f022c180434
w00324,2025-08-17T07:37:52Z,wager,USDC,53.87,,0xc6cb35be033b4077a3a33580f36ac67c
w00324,2025-08-17T08:01:52Z,payout,USDC,32.35,,0x405f88397a2c4bc098ab6395c113b5d9
w00384,2025-08-17T09:16:10Z,deposit,USDC,117.96,,0x5c781a2203b94c16ab7f6c0dd79e2a85
w00324,2025-08-17T09:43:52Z,wager,USDC,16.13,,0x6f14687f10cf4d6ba814263262a07c2b
w00324,2025-08-17T09:58:52Z,payout,USDC,12.21,,0xc4648cd52a3d49fa9bd6de8fa648b43d
w00384,2025-08-17T11:58:10Z,wager,USDT,62.81,,0x3c90c02682fa4aa2a071a0ff81a776ea
w00384,2025-08-17T12:00:10Z,bonus,USDT,16.18,B832,0xd8ea973ee8b04eeb8a12369d4ace6c17
w00384,2025-08-17T12:26:10Z,payout,USDT,37.95,,0x4f665cf30b7d455196ff7164e93686fb
w00258,2025-08-17T13:01:38Z,deposit,USDC,46.47,,0x9ad657eaf63e4b53b9b0d9096698f4dc
w00384,2025-08-17T13:21:10Z,wager,USDC,19.21,,0xac314165f4bb4175b5a971520a7f9697
w00384,2025-08-17T13:34:10Z,payout,USDC,10.21,,0xa19a18ea837c484dbff7dd50d82dfc2f
w00384,2025-08-17T14:23:10Z,wager,USDT,17.51,,0x7a07f9a515e94254b80db897619024a6
w00384,2025-08-17T14:50:10Z,payout,USDT,11.71,,0x4dba321f51db46b2b4ec04ab63f482a9
w00384,2025-08-17T16:19:10Z,wager,USDT,23.83,,0xe48975f3181d4539b67d2b407f1df35d
w00384,2025-08-17T16:29:10Z,payout,USDT,12.4,,0x24bab26aa0d44f96aa073b00ad4add29
w00384,2025-08-17T18:29:10Z,wager,USDC,23.85,,0x97a4dc646dac4f3ea8de9ffeb62e3b2c
w00384,2025-08-17T18:45:10Z,payout,USDC,19.03,,0x4f64bcc570974502a028c88abc5f8294
w00049,2025-08-18T09:31:18Z,deposit,USDC,32.91,,0xb5d0bcd521db4075921ac3361d251943
w00205,2025-08-18T13:17:40Z,deposit,USDC,189.9,,0xfe46336ad25a471aa7301c7f52d718d8
w00241,2025-08-18T15:25:00Z,deposit,USDT,161.43,,0xaae7a74d5bb749d88162258a10424754
w00231,2025-08-18T16:36:55Z,deposit,USDC,126.34,,0x00063168cf764e23815b1fb410cbff4b
w00026,2025-08-18T16:39:07Z,deposit,USDT,65.32,,0xad593cc9a67049a88296e50df62dad7a
w00371,2025-08-18T16:40:43Z,deposit,USDT,44.61,,0x747a8ebb97ae4ca8862211659913b85e
w00241,2025-08-18T17:13:00Z,wager,USDC,4.97,,0x631f0a7721bb47e5b8df99dab258b765
w00241,2025-08-18T17:27:00Z,payout,USDC,2.68,,0x61e58f485c464b778b0ebf0365c5d03e
w00396,2025-08-18T17:50:35Z,deposit,USDC,32.26,,0xfd88ebb6bcf447a29b934c1dbf3c8545
w00104,2025-08-18T18:09:10Z,deposit,USDC,54.75,,0x45ea7b12f4764ff68feed0f8c6fb3ddb
w00205,2025-08-18T18:34:40Z,wager,USDT,76.2,,0x5e4fef04a18641109079d3635695e36e
w00205,2025-08-18T18:39:40Z,payout,USDT,67.87,,0x0250fe2d75004f35baecb099c9d443a1
w00305,2025-08-18T19:03:24Z,deposit,USDT,123.21,,0x289e8e6b3b484b21abc94286baff47ad
w00205,2025-08-18T19:41:40Z,wager,USDT,57.89,,0x6333c4971a5a41faa166e53ffd2becfa
w00205,2025-08-18T20:00:40Z,payout,USDT,49.53,,0xef1761adeff64b4c8da6886f22fa0736
w00205,2025-08-18T20:01:40Z,bonus,USDT,21.37,B498,0xd6d76f4dbe6540298981bfca57376413
w00231,2025-08-18T20:12:55Z,wager,USDC,11.74,,0x03a44c78309242119ef989cfbff63231
w00231,2025-08-18T20:20:55Z,payout,USDC,7.85,,0x55a228a2e4f943a4b1819c269c56ae96
w00241,2025-08-18T20:43:00Z,wager,USDT,50.34,,0xafea550d77e54b1f9499ae1b2c4b3fc1
w00241,2025-08-18T20:53:00Z,payout,USDT,41.76,,0x31032a5db6f3463f97b38abca474890d
w00371,2025-08-18T21:20:43Z,wager,USDC,21.5,,0x4c58f89be59546688fc566225f0da8a9
w00305,2025-08-18T22:35:24Z,wager,USDC,30.58,,0x836b4c79d44a456582c603464be751a7
w00305,2025-08-18T22:55:24Z,payout,USDC,28.76,,0x28f4b6c4f53e4fcabb274043f5bf6569
w00205,2025-08-18T22:55:40Z,wager,USDT,44.64,,0xfb9b2963e0cb4f64978dff2cace04a68
w00231,2025-08-18T22:56:55Z,wager,USDT,37.01,,0xb0dd3ca2153b479299b45ca92f670390
w00231,2025-08-18T23:12:55Z,bonus,USDT,21.8,B111,0x236afdffb0b64250bd37f33ee0cb4a0c
w00205,2025-08-18T23:16:40Z,payout,USDT,24.98,,0xb575507b56614f1ab234e085a798dd60
w00231,2025-08-18T23:21:55Z,payout,USDT,18.59,,0x24be190ff1b14c4eabab804d1c4b82f3
w00205,2025-08-18T23:28:40Z,wager,USDT,29.49,,0xa40474f4856649fd92813d77e24b0f6d
w00371,2025-08-18T23:40:43Z,wager,USDC,17.66,,0xa96d05488dc241eba0dcfa99c6c8d0c7
w00205,2025-08-18T23:41:40Z,payout,USDT,26.99,,0xcafedfabc05344bda3c5d3cb453419d2
w00241,2025-08-19T00:02:00Z,wager,USDC,28.41,,0xc929e6d759d144578b702479db7aadde
w00371,2025-08-19T00:03:43Z,payout,USDC,10.82,,0xcc3ceef9b15a4aabb43735b1abc08eda
w00241,2025-08-19T00:27:00Z,payout,USDC,19.24,,0x195a19b25b00448e99e06e0e919c8321
w00269,2025-08-19T00:34:03Z,deposit,USDC,28.71,,0xe84d50a699b34d6995918370cd7071eb
w00371,2025-08-19T00:41:43Z,wager,USDT,8.71,,0x664cc196837b484687b45506b8d0777c
w00371,2025-08-19T01:00:43Z,payout,USDT,5.74,,0x48bdbb7c36004add9f391e8e73ec7023
w00305,2025-08-19T01:02:24Z,wager,USDT,62.92,,0x854628e7efb7497ea6521a7967e8f888
w00231,2025-08-19T01:20:55Z,wager,USDC,46.6,,0xb7dd1c18b47643c3abf65c29e6986465
w00231,2025-08-19T01:42:55Z,payout,USDC,26.42,,0xee224bfe1e9b4475b8b418b74a7f4932
w00371,2025-08-19T02:09:43Z,wager,USDT,34.72,,0x0af68fb577ad41b6bb5beedee8ff1c16
w00231,2025-08-19T02:30:55Z,wager,USDT,59.47,,0x1904221b9bd94e96878a4df21e06b758
w00371,2025-08-19T02:31:43Z,payout,USDT,29.69,,0x7e07ca83d318437187bc23a5a2db4f01
w00231,2025-08-19T02:33:55Z,bonus,USDT,7.49,B722,0x6938ccd369ae4d9b892ca061a0c569f6
w00231,2025-08-19T02:34:55Z,payout,USDT,53.2,,0xdf8c63995cac4923a2113706180acfd1
w00205,2025-08-19T03:15:40Z,wager,USDT,18.89,,0xd557335c4f9e434ca1df7377c207edc3
w00205,2025-08-19T03:39:40Z,payout,USDT,12.83,,0x19165dc464ca41f4a892e02a9ea97476
w00241,2025-08-19T03:58:00Z,wager,USDT,38.91,,0x7bf4b7ad2ab6424d82e0e023296841eb
w00241,2025-08-19T04:11:00Z,payout,USDT,33.25,,0xef1016c77df842b6bdaef39b1c663e2e
w00305,2025-08-19T04:36:24Z,wager,USDT,70.28,,0x017b4b8cb9644c698b173fce7fcc5184
w00305,2025-08-19T05:07:24Z,wager,USDT,10.85,,0xcb54022f2dde4c00a158cdece1ee043a
w00269,2025-08-19T05:15:03Z,wager,USDT,22.03,,0x54795f983fc147cb9f1e12b21e9de0b8
w00269,2025-08-19T05:28:03Z,payout,USDT,13.26,,0x4c2e7290b0d64b03a2f435d781342f07
w00205,2025-08-19T05:36:40Z,wager,USDT,52.05,,0xd08686a22c8b413cbf677d89a81b0e98
w00205,2025-08-19T05:43:40Z,payout,USDT,34.63,,0x790f34c0d2d44b0e81369059a4d144b3
w00205,2025-08-19T05:50:40Z,bonus,USDT,14.56,B636,0x55afe4577afc470abc4a0c80f04366c7
w00231,2025-08-19T06:17:55Z,wager,USDT,40.95,,0x3d9e42091132426c90b729eb9db15fc1
w00231,2025-08-19T06:22:55Z,payout,USDT,23.01,,0x5ddbeed2d77744809368b7d22ab30c0d
w00241,2025-08-19T07:36:00Z,wager,USDT,47.28,,0xa10b7ef994d249438397d9fdb70216d3
w00241,2025-08-19T07:52:00Z,payout,USDT,27.71,,0x73ea701a942548e3b8674f9c114f4176
w00269,2025-08-19T08:04:03Z,wager,USDT,52.73,,0x059351ec2fa94a78af274619f8848d41
w00305,2025-08-19T08:17:24Z,wager,USDT,27.26,,0x417635006354410bb975dc888793f0b0
w00269,2025-08-19T08:20:03Z,wager,USDT,89.79,,0xec5c78d6cc0948b8abc2e80c0dcfd81e
w00269,2025-08-19T08:26:03Z,payout,USDT,49.83,,0x9fe1004a59494ddfa15b3a1cf4b4129c
w00269,2025-08-19T08:36:03Z,payout,USDT,54.57,,0x8d3db9b1f58e4c25b538dfddf0632495
w00305,2025-08-19T09:31:24Z,wager,USDT,54.74,,0x179404e0d6e041358ea9d18bb6ae8808
w00305,2025-08-19T09:38:24Z,payout,USDT,41.8,,0x267ee796f2d541b2978363325722f964
w00305,2025-08-19T11:25:24Z,wager,USDT,114.04,,0x3afad938bfc446a2989ce0d66ea4a0e1
w00305,2025-08-19T11:52:24Z,payout,USDT,69.44,,0xa505e02d7c724bfb87a927ce78df00a6
w00364,2025-08-19T16:23:27Z,deposit,USDC,51.97,,0x39f2a808a6c34fa6ac25a49246dfbef2
w00174,2025-08-19T18:38:07Z,deposit,USDT,46.1,,0x1745f2d1dbb74b79a9723ae2ea97379d
w00369,2025-08-19T19:12:58Z,deposit,USDC,21.24,,0x64bd4ff928bc4de2a4598611b3ce80d2
w00174,2025-08-19T20:12:07Z,wager,USDC,42.56,,0xd7fafd05de8a41f0998619ba689a0ed4
w00174,2025-08-19T20:19:07Z,payout,USDC,23.08,,0x75cd8c50dfc54c5c866b494c2e17932a
w00364,2025-08-19T20:27:27Z,wager,USDC,14.74,,0x228555f40ed144d49a419f83b721f3ea
w00364,2025-08-19T21:25:27Z,wager,USDC,89.43,,0xa4790401ed554a52a03108cd1d534bba
w00364,2025-08-19T21:40:27Z,payout,USDC,68.74,,0xc487678525d343a2965fe8411fc807ea
w00174,2025-08-20T00:11:07Z,wager,USDT,19.67,,0x6baca9f8dac14ff4a675e0cffa3b1031
w00174,2025-08-20T00:12:07Z,payout,USDT,11.4,,0x0eee1f7d871740249cc408e5bef0b758
w00369,2025-08-20T00:38:58Z,wager,USDC,15.89,,0xe5bbba29439a4aeeaeb8be1a9dae3a8d
w00369,2025-08-20T01:06:58Z,payout,USDC,11.0,,0xb799a847ea764979b6c966d83dc8f8f2
w00060,2025-08-20T01:22:21Z,deposit,USDC,58.42,,0x300d4e691b0d4053b4b4ae96061e5deb
w00217,2025-08-20T01:24:37Z,deposit,USDC,72.6,,0x30686b240f4742eb8bb933f387ef445c
w00369,2025-08-20T02:52:58Z,wager,USDC,27.84,,0x98f6fea736b2473c96b0a19abbd0b21e
w00369,2025-08-20T02:58:58Z,payout,USDC,23.94,,0x3566c7618c1d46889e52a01d2d8b6e2f
w00174,2025-08-20T03:24:07Z,wager,USDC,17.89,,0xf113955a233f47c2b361850544547e3a
w00369,2025-08-20T03:24:58Z,bonus,USDC,10.38,B895,0x7c9e467a06ab4cc6b6582f832c5a2d58
w00369,2025-08-20T03:48:58Z,wager,USDC,33.54,,0x8a599c6c20aa47e291b47325a625e05f
w00174,2025-08-20T03:49:07Z,payout,USDC,15.69,,0x7df366cb64fa481c898c4ca1f3df42f5
w00369,2025-08-20T03:49:58Z,payout,USDC,28.65,,0x6854d1ed88a04776b93a3689252dde38
w00217,2025-08-20T04:04:37Z,wager,USDT,32.51,,0x885d22efa70a4d289fd4a1e7b0a6df93
w00174,2025-08-20T04:11:07Z,wager,USDT,43.29,,0x825bf0c813e540009d6ba5c9559ec232
w00174,2025-08-20T04:13:07Z,bonus,USDC,12.49,B513,0x99d00d716fa74804914d8104b4001e20
w00217,2025-08-20T04:16:37Z,payout,USDT,26.73,,0xa512fd5ada22494cbf871adcaf3b0032
w00217,2025-08-20T04:21:37Z,wager,USDT,24.88,,0x6d3dbedf623a48bb9ed79ba475814501
w00174,2025-08-20T04:22:07Z,payout,USDT,32.76,,0x3e29b116a65f4d6593ab2f131a128423
w00217,2025-08-20T04:41:37Z,payout,USDT,23.15,,0x27367bb038f047b18278b1ba68cd4d6c
w00369,2025-08-20T06:57:58Z,wager,USDC,44.93,,0xb982fb6e3a66413eaefa379f4714bb93
w00369,2025-08-20T07:23:58Z,payout,USDC,40.13,,0xf82d5b72b2504b71b3194ddcd4f4a7f6
w00174,2025-08-20T07:50:07Z,wager,USDT,18.88,,0xa979de7008a8460d83328dd9530c9810
w00174,2025-08-20T08:03:07Z,payout,USDT,17.35,,0x038eb3ad360b4716a024b31d3de78f29
w00217,2025-08-20T08:13:37Z,wager,USDT,28.96,,0x7eff589e8c87472594ea838f086af400
w00217,2025-08-20T08:18:37Z,wager,USDC,12.76,,0xc1fe1a2e3db54463a98fb6a48e9d803f
w00174,2025-08-20T08:21:07Z,wager,USDC,30.77,,0xc339365ae829451c8958a3bbc18b37bc
w00217,2025-08-20T08:26:37Z,payout,USDT,19.08,,0x78f643b956bd41c3a79f77498cd453e1
w00174,2025-08-20T08:41:07Z,payout,USDC,24.51,,0x5c437efa55844aebbf9dac4fea8c3ffc
w00174,2025-08-20T09:09:07Z,wager,USDT,45.89,,0xb47f0e711f5140d781d5043b4e169e96
w00174,2025-08-20T09:34:07Z,payout,USDT,36.39,,0xb4bfa379da7b43e48a08debb6d7174cc
w00369,2025-08-20T09:41:58Z,wager,USDT,17.74,,0xc924fd59a2a047b8ac10500ef65038a0
w00369,2025-08-20T09:51:58Z,payout,USDT,13.14,,0x82310470fddc47e98505d7efea692820
w00217,2025-08-20T09:52:37Z,wager,USDT,7.81,,0xb05787b063684e37ba4373acbfc47f6d
w00369,2025-08-20T09:58:58Z,bonus,USDT,23.73,B191,0x7a7642aee7484f47a5cc8c29c4746d07
w00217,2025-08-20T09:59:37Z,payout,USDT,6.82,,0x250c2f6b893e4c6788af8c224b8cdb86
w00369,2025-08-20T11:19:58Z,wager,USDC,90.34,,0x0f1233c3c64049d3893e0e0bc9aee1b4
w00369,2025-08-20T11:29:58Z,payout,USDC,65.5,,0x23d2d66d91a141458f91a15bc28171d6
w00369,2025-08-20T14:53:58Z,wager,USDT,10.98,,0xa78814ddb5b3419f9dc1517e4ff2420e
w00369,2025-08-20T15:21:58Z,payout,USDT,7.97,,0x20c2c22ee7a74b02832a3c2ae9e64d82
w00133,2025-08-20T20:59:37Z,deposit,USDT,136.33,,0xfca1828b36bc4b5e8c871293e4fc1701
w00395,2025-08-21T05:40:22Z,deposit,USDT,250.82,,0xc36f1e1d6dad484fa1329955146f8349
w00082,2025-08-21T06:07:25Z,deposit,USDT,130.95,,0x18e11242ebd740d29d4b72a0b10f5ec0
w00395,2025-08-21T07:47:22Z,wager,USDC,11.9,,0xda8d89ddd44e44f681cf3e8899a0105b
w00395,2025-08-21T07:57:22Z,payout,USDC,11.1,,0xd8cd6381a3154ffd9e9281d1b3856d8f
w00395,2025-08-21T08:35:22Z,wager,USDT,7.63,,0x17ea78feba33496f9e7e455606b3a29a
w00395,2025-08-21T08:40:22Z,bonus,USDC,12.21,B598,0xc62cdfdbfeeb4c8faff210bec5c3199a
w00395,2025-08-21T09:10:22Z,wager,USDT,42.45,,0x270eac46b58b42b4aeafdbcf1a1e5212
w00395,2025-08-21T09:23:22Z,payout,USDT,21.53,,0x050ce653b12549549081e96ea55d5035
w00082,2025-08-21T09:58:25Z,wager,USDC,39.16,,0xdf866ac181f640ff9df289e6502dc192
w00082,2025-08-21T10:03:25Z,payout,USDC,19.84,,0x3dd5d456ba624592a216e43d320ad032
w00395,2025-08-21T10:50:22Z,wager,USDT,32.06,,0xb09da6310cea421493ad784bbdffcad3
w00395,2025-08-21T10:53:22Z,wager,USDT,38.05,,0xe9145ebaf7234d67ba790eedd3718425
w00395,2025-08-21T11:04:22Z,payout,USDT,16.59,,0x2221dd1d5fc047f88b4334d61d20a5c9
w00395,2025-08-21T11:13:22Z,payout,USDT,29.72,,0x0bd075e63b9c4bcf8e2c7499155f588e
w00082,2025-08-21T11:17:25Z,wager,USDC,83.71,,0x17872802faae4b39801724d245b6dcd7
w00082,2025-08-21T11:18:25Z,payout,USDC,58.33,,0x29c49602b8324059bca016a72b9fecbe
w00395,2025-08-21T11:24:22Z,bonus,USDT,15.23,B541,0x2dd25c3748c14a27b6bae6338d63e4a9
w00082,2025-08-21T12:09:25Z,payout,USDT,49.36,,0x9b5d46188ebe446490c319fc6e23d523
w00082,2025-08-21T12:09:25Z,wager,USDT,66.14,,0x90adbf7ae5da45128d6f54e34a7f8d8f
w00082,2025-08-21T13:55:25Z,wager,USDC,19.28,,0xd095d0046e33450dad5e2ab426a199c3
w00082,2025-08-21T13:59:25Z,payout,USDC,17.12,,0x437a855df1004122804f4f3a77ff8702
w00082,2025-08-21T14:24:25Z,wager,USDT,69.0,,0xd3800444751049029a45a267a609b6fa
w00082,2025-08-21T14:47:25Z,payout,USDT,39.07,,0x8fe520cd16c241e79d0d98ec17c14533
w00082,2025-08-21T15:48:25Z,wager,USDT,37.43,,0x95c65d379ff5484e9a45874d766c344c
w00082,2025-08-21T15:49:25Z,payout,USDT,26.45,,0x03121705aada436ba553706407d95023
w00082,2025-08-21T15:54:25Z,wager,USDC,40.86,,0x7a2ee33916e3443ab6381dec758d090c
w00195,2025-08-21T15:59:09Z,deposit,USDC,37.91,,0x18ca0f76b302423d9898aa0adc095a8e
w00082,2025-08-21T16:06:25Z,payout,USDC,29.49,,0x50ad19acb3494ce5a3b9c45cb66e4832
w00300,2025-08-22T06:27:15Z,deposit,USDC,62.27,,0xedf3b634a1a04117ae4c71b8fe5c50c7
w00397,2025-08-22T06:45:21Z,deposit,USDT,35.25,,0x2a113a9a05c14cbd8365f1ae93a0bc6a
w00300,2025-08-22T08:53:15Z,wager,USDT,10.29,,0xee43b1040b804bb99f8bc672d3c47ada
w00300,2025-08-22T08:58:15Z,payout,USDT,5.43,,0x0691451570da461dac5db7beffecd5f8
w00300,2025-08-22T09:05:15Z,bonus,USDT,10.12,B936,0x8cf50a7304c74170aad54cb199ed437b
w00397,2025-08-22T11:01:21Z,wager,USDT,69.56,,0x51548a9fa6f0486395ba220ca12c9469
w00397,2025-08-22T11:11:21Z,payout,USDT,56.92,,0xfee22a1cd3f54a558e199b0f9a91c5b7
w00300,2025-08-22T11:48:15Z,wager,USDC,53.21,,0xf5adc92f4e9b441c86803bd009d2f35f
w00300,2025-08-22T12:10:15Z,payout,USDC,41.61,,0xbd826b657a714301a8c3a1e2485b4028
w00300,2025-08-22T13:21:15Z,wager,USDC,26.76,,0x09a87c8e8fe041239d8709d36b36113d
w00300,2025-08-22T13:23:15Z,payout,USDC,13.75,,0x61e7ebfb39b441099b28e3855a2d1045
w00397,2025-08-22T13:34:21Z,wager,USDC,47.44,,0xbaeff6e943cc4df29a3533ec58d164b0
w00334,2025-08-22T13:36:13Z,deposit,USDC,230.25,,0x72f93296213e414fae3ddb5cb1ae1f0a
w00397,2025-08-22T13:52:21Z,payout,USDC,28.61,,0xd4d20627be864d0394352534cff0dcb1
w00300,2025-08-22T14:15:15Z,wager,USDC,20.66,,0xa2916908e7674efbb04a50f36395f307
w00300,2025-08-22T14:44:15Z,payout,USDC,15.23,,0x743f3b1d41c44a78aa686fcd869b982e
w00334,2025-08-22T15:12:13Z,wager,USDT,20.15,,0xe3dc71239736441e9de7898f2a266e45
w00334,2025-08-22T15:17:13Z,payout,USDT,11.67,,0xb0aa02ae9255454cbfecad863ed9d8f2
w00300,2025-08-22T17:04:15Z,wager,USDT,57.93,,0x3b20bd7a8a084d70bf1084d2e30b1260
w00334,2025-08-22T17:10:13Z,wager,USDC,8.74,,0x80f5b0ef4c6e4c6f904291336d5131d8
w00334,2025-08-22T17:15:13Z,payout,USDC,4.42,,0x722e5c9e87bf447aaf33532bb4c06503
w00397,2025-08-22T17:20:21Z,wager,USDT,21.76,,0xb3b3d1b9977243dfb732058b932a125d
w00397,2025-08-22T17:24:21Z,payout,USDT,14.23,,0xbbd4dd9c5beb42fe810a3838e8e5fb49
w00300,2025-08-22T17:27:15Z,payout,USDT,36.23,,0x05bb891e45934bd4b139812fb6016077
w00334,2025-08-22T17:38:13Z,bonus,USDC,8.8,B982,0x5def130d9e324327aeb0ec3549465b08
w00300,2025-08-22T17:50:15Z,bonus,USDT,15.57,B833,0x2d713946bbe24b42b4232e036c2bab17
w00274,2025-08-22T19:28:14Z,deposit,USDC,77.72,,0x9ecf3cac59204a5ab63c065ed2767fb5
w00300,2025-08-22T19:47:15Z,wager,USDC,38.2,,0x867ac28f489d45978e2c04747af79258
w00300,2025-08-22T19:54:15Z,payout,USDC,36.25,,0x467f2a67061b4270bf51917ec9dab204
w00360,2025-08-22T19:58:35Z,deposit,USDC,51.34,,0xe5173426412c428ba976a571aab57429
w00334,2025-08-22T20:24:13Z,wager,USDT,27.62,,0x5e8a1781486b4304bde21afcea50356b
w00334,2025-08-22T20:31:13Z,payout,USDT,25.83,,0xcd5f6ada6c9948878f4353a2a544cd63
w00397,2025-08-22T20:31:21Z,wager,USDT,53.03,,0x0b2b9a5f90f34f0881170b04343eb3dc
w00207,2025-08-22T20:48:37Z,deposit,USDT,75.82,,0x90cdb72b122640649a627490fef2e30a
w00397,2025-08-22T20:49:21Z,payout,USDT,31.57,,0xd016f85d9ea8498495e134c7a9d1cced
w00400,2025-08-22T21:12:26Z,deposit,USDT,17.04,,0xd89fdcb284064a46a55063cb1f8fb756
w00152,2025-08-22T21:32:07Z,deposit,USDC,57.34,,0x0ce73c2fc6b644248c7f228e8c7bdf5b
w00207,2025-08-22T21:33:37Z,wager,USDC,39.28,,0xf50a6cfa87594822b9c62c1ff6d5554d
w00300,2025-08-22T22:10:15Z,wager,USDT,63.21,,0x2f1161b767334a678aa0449400188e43
w00300,2025-08-22T22:17:15Z,payout,USDT,35.67,,0x12a50ce9be1e4e42a028c88e89d33183
w00207,2025-08-22T22:33:37Z,wager,USDT,3.59,,0xc465ef85764340fea1e4160cc30d38fc
w00334,2025-08-22T22:45:13Z,wager,USDC,40.47,,0xf9b56a966d0c4a55a5182cfa6d19c66c
w00152,2025-08-22T22:58:07Z,wager,USDT,7.44,,0x110109a3d2c347139e0132fcabff654d
w00207,2025-08-22T23:01:37Z,payout,USDT,3.17,,0x884f933de84442d4a96a9c2a7703581d
w00274,2025-08-22T23:08:14Z,payout,USDC,12.19,,0xbeaacfd6c58148239d30c68798167c2b
w00274,2025-08-22T23:08:14Z,wager,USDC,19.52,,0x07d392fe1a69432b9699a76a708e95c8
w00152,2025-08-22T23:12:07Z,payout,USDT,6.71,,0xcc0a2645f3ee4c1c83e6f558f3f993be
w00334,2025-08-22T23:14:13Z,payout,USDC,35.79,,0x28e9cd011ff84a828a894fdc5139a00a
w00207,2025-08-22T23:16:37Z,wager,USDC,33.29,,0x11bdf9448afb4da9b96bd92a509c987e
w00207,2025-08-22T23:21:37Z,wager,USDC,10.82,,0x96cd0c33498241f88925d4cbb7711e5f
w00207,2025-08-22T23:30:37Z,payout,USDC,9.21,,0xa5e77ad01cdb42a3bd250e423a060f87
w00207,2025-08-22T23:43:37Z,payout,USDC,25.93,,0x74f60252c97c47ae94e47f5ef9658d32
w00334,2025-08-22T23:50:13Z,wager,USDC,13.83,,0x680d6a0718d24cfba7e296fe14053c82
w00334,2025-08-23T00:06:13Z,payout,USDC,9.77,,0x92d7c238edb642d7a90ce4171a2f2075
w00360,2025-08-23T00:20:35Z,wager,USDC,113.53,,0x6855125456464bbaabfa6beb3451a6a3
w00274,2025-08-23T00:47:14Z,wager,USDT,10.07,,0x68ac983c291a4e85b2b4d8526d940d83
w00274,2025-08-23T00:49:14Z,payout,USDT,5.92,,0x3ac2df078c914e0e89ce0b4a9e7a0f16
w00360,2025-08-23T01:27:35Z,wager,USDC,46.51,,0x41eb6640798d4d828b5009f8c4cc4c2a
w00152,2025-08-23T01:40:07Z,wager,USDT,18.23,,0x18ff7224def14b879ed35b5700563382
w00274,2025-08-23T01:42:14Z,bonus,USDT,13.95,B951,0x53dd7ee5381c4824afede8d10b7f3042
w00360,2025-08-23T01:53:35Z,payout,USDC,31.07,,0xc29439735b0343f68af6f6ebbe58b954
w00152,2025-08-23T01:55:07Z,wager,USDC,11.29,,0x120c3c33bc054d1888d72324813315df
w00152,2025-08-23T01:56:07Z,payout,USDT,10.86,,0x5ff29adfa12840c19d12095e08c7a9af
w00360,2025-08-23T02:15:35Z,wager,USDT,62.36,,0xb2d506361e6e4ddc9fa53850c5888dc0
w00152,2025-08-23T02:21:07Z,payout,USDC,8.04,,0xb39240efd1ee4e5aaa210080e4cf2236
w00360,2025-08-23T02:41:35Z,payout,USDT,47.56,,0x5735e30db821435480850748dfdfd9fc
w00017,2025-08-23T02:55:56Z,deposit,USDT,98.53,,0xf935f577875a484299fded3dbfdfece3
w00334,2025-08-23T02:57:13Z,wager,USDT,48.5,,0xc1d0c99b887a47c1baf3d353e1198b58
w00334,2025-08-23T03:14:13Z,payout,USDT,45.21,,0x0cb576896f784e53aa02a532033a7894
w00274,2025-08-23T03:44:14Z,wager,USDC,4.41,,0xcd347e4eeb564271b3be47ddfbf09ab6
w00274,2025-08-23T03:49:14Z,payout,USDC,3.23,,0xc37a608ae8fa4676933bdd474d42e776
w00199,2025-08-23T10:05:49Z,deposit,USDT,52.4,,0xb79c903023ba4fbc9276a605fe7f59d8
w00389,2025-08-23T11:39:55Z,deposit,USDC,49.57,,0x308de69247db477da60a3de96c91ec15
w00389,2025-08-23T12:04:55Z,wager,USDC,56.97,,0x78c2a140a5574db0a34d92b63f758059
w00389,2025-08-23T12:11:55Z,payout,USDC,35.43,,0xc242c93a8f5d4c7d9a0696e764853df5
w00389,2025-08-23T16:01:55Z,wager,USDC,11.26,,0xfc5aa305a60d475f86d97e389fb17ff5
w00389,2025-08-23T16:30:55Z,payout,USDC,6.72,,0xa2bc0258282b43c58b1181f001969c91
w00140,2025-08-23T16:43:51Z,deposit,USDC,98.08,,0xef94ae7f91d14744b5db2ee0e262d3de
w00140,2025-08-23T17:37:51Z,wager,USDC,30.53,,0xcc2d559587734fdb95d14416f9b256da
w00140,2025-08-23T17:42:51Z,payout,USDC,26.47,,0x0ade8404c9434c72aa60ef287ef76717
w00339,2025-08-23T17:44:57Z,deposit,USDT,164.86,,0x63aec0e7b0634a57ad4444ac08d0f8b8
w00140,2025-08-23T17:50:51Z,wager,USDC,27.06,,0xd1eed129da7f414580a379a6ca44a5dd
w00140,2025-08-23T18:04:51Z,payout,USDC,16.26,,0x09c50c8d65ab4460ae00beffb6d538bb
w00389,2025-08-23T19:43:55Z,wager,USDC,34.72,,0xa74c8a454cd844448888f642d42d413f
w00287,2025-08-23T19:48:56Z,deposit,USDC,30.75,,0x6a5da6eebe1f477fb1bf35e24c160994
w00389,2025-08-23T19:54:55Z,payout,USDC,31.54,,0xb269553365164c0fb0fbb076582d60f5
w00140,2025-08-23T20:54:51Z,wager,USDC,24.7,,0x955339bf581b4ad7bf41ada76f0a89b6
w00140,2025-08-23T21:21:51Z,payout,USDC,15.3,,0xf826d16496bd4f11b408e60edb1c5c0a
w00389,2025-08-23T23:21:55Z,wager,USDC,35.36,,0xd107b81bf0a44646afad7a2508fe4439
w00389,2025-08-23T23:23:55Z,wager,USDC,83.63,,0xd1366f61accc496fb398e6a201f3d53d
w00389,2025-08-23T23:41:55Z,payout,USDC,46.84,,0xf24b84f22e7f45d5bfd95d1bbc840a4a
w00359,2025-08-24T11:07:21Z,deposit,USDC,29.28,,0xad80f0c937db457695f7742c0e05b448
w00359,2025-08-24T14:30:21Z,wager,USDC,14.14,,0x76920c0aa2e04b06bce6abd753ad4a96
w00359,2025-08-24T14:54:21Z,payout,USDC,8.38,,0x7497727bb74b4bd8aeaf04890a2ab025
w00359,2025-08-24T14:54:21Z,wager,USDT,45.6,,0x13c7170e7de1460c900ef76ffdb241fe
w00359,2025-08-24T15:15:21Z,payout,USDT,36.28,,0x35c351a695334e67bda84c1ba004e66e
w00175,2025-08-24T16:42:50Z,deposit,USDC,44.92,,0xa1e13b8094b6438aa525cb64d1644b0e
w00359,2025-08-24T17:28:21Z,wager,USDT,70.48,,0x35e5bab0aefa4eb79a845658ac2e6313
w00359,2025-08-24T17:34:21Z,payout,USDT,54.38,,0x04d73d0145c64c82bc10fec02fe9db0f
w00108,2025-08-24T18:03:26Z,deposit,USDC,156.79,,0x8ff019552fba4deaae97a7f1ae30ae80
w00175,2025-08-24T18:59:50Z,wager,USDC,19.93,,0xb88220b11d594c90b2125c72cb094fc9
w00359,2025-08-24T19:56:21Z,wager,USDT,24.99,,0xd3516f4d593e4d9bb7474b423112f642
w00359,2025-08-24T20:15:21Z,payout,USDT,19.23,,0xa70e835752a64cc883d9a41f88781ebe
w00175,2025-08-24T21:38:50Z,wager,USDT,21.45,,0x1273b743394a4ecdbb15b38c021cbbbc
w00175,2025-08-24T21:41:50Z,payout,USDT,17.85,,0x970195118b1b46e2981afec0707685c1
w00175,2025-08-24T23:16:50Z,wager,USDC,31.32,,0xdbd11d665ce646a9bb2a73b1fd3f6e7a
w00175,2025-08-24T23:29:50Z,payout,USDC,21.36,,0x8a316227c5d24af2ad7c325872025ea8
w00175,2025-08-25T03:02:50Z,wager,USDC,25.08,,0xa5c37403833c4987859e15e3266b394a
w00175,2025-08-25T03:10:50Z,payout,USDC,21.14,,0x1b5a8f274d294d3d95b293274e813ad5
w00175,2025-08-25T03:25:50Z,wager,USDT,46.41,,0xa44fa440d2624f36abc3996651c470d4
w00175,2025-08-25T03:35:50Z,payout,USDT,32.3,,0x575054b442af4e33a246281182f19600
w00175,2025-08-25T06:44:50Z,wager,USDC,9.7,,0xcf51c91f5d06459eb2061ff02e8af7ab
w00175,2025-08-25T06:58:50Z,payout,USDC,4.88,,0xc25eada11bd744b5a89c0e16fa4afd49
w00294,2025-08-25T07:26:03Z,deposit,USDT,29.88,,0x086f599b258d46838e8e47fd35c2543a
w00294,2025-08-25T10:07:03Z,wager,USDT,57.03,,0x18d9952c06984a2bb618493cb42fad22
w00294,2025-08-25T10:58:03Z,wager,USDC,19.55,,0xbecef0e283344d629f3b50b46bf18e2d
w00294,2025-08-25T11:18:03Z,payout,USDC,11.33,,0x610771a024b94b0a94e3b65f63f15eb6
w00200,2025-08-25T11:21:14Z,deposit,USDC,40.97,,0xb452d56dce5d43c49a083ec6f1ddb15b
w00294,2025-08-25T11:41:03Z,bonus,USDC,11.85,B632,0x8e9977b25a594d2b8535875ad540a88b
w00294,2025-08-25T13:07:03Z,wager,USDC,30.56,,0xfbae32204c384f93a3b52e69dd0db270
w00294,2025-08-25T13:30:03Z,payout,USDC,23.26,,0x3ef9759723de41dbbd673e6a697984f5
w00294,2025-08-25T15:12:03Z,wager,USDC,65.51,,0x23ed8e08635842ed937f16bdbbfa2176
w00294,2025-08-25T15:26:03Z,payout,USDC,45.85,,0xacdd5279b001453c986eddf75c531695
w00294,2025-08-25T15:29:03Z,wager,USDC,18.82,,0x58fef5d8126a46bc8e31400e0ea3f69c
w00294,2025-08-25T15:46:03Z,payout,USDC,15.63,,0x4a9097cccac941688242bee845cfde22
w00200,2025-08-25T16:00:14Z,wager,USDC,11.54,,0x59e8ba23b44f4567bac5fb7ad6d74158
w00200,2025-08-25T16:19:14Z,payout,USDC,7.36,,0xbf91e49aceec4a1f9435f49f92ba435f
w00294,2025-08-25T17:13:03Z,wager,USDC,40.26,,0x6456b95d40024809aba821cb38436955
w00294,2025-08-25T17:36:03Z,payout,USDC,26.03,,0xe7b2ac804a684132a1190bfd519eca10
w00294,2025-08-25T18:38:03Z,wager,USDT,11.47,,0x4f4f62397f5c477bad36eba0472b1209
w00294,2025-08-25T18:54:03Z,bonus,USDT,7.96,B616,0x94cfb49fd8e54f19aa91903eb7126d21
w00333,2025-08-26T01:14:52Z,deposit,USDC,80.84,,0x2934ba0a59a240848bc7af43adb3fbed
w00303,2025-08-26T02:27:44Z,deposit,USDT,80.66,,0x414b19832ee64afbad9a9b0e4abb46f7
w00333,2025-08-26T04:35:52Z,wager,USDC,26.56,,0x62223ebb91694d16b51c8d6c3f0a52fa
w00333,2025-08-26T05:00:52Z,payout,USDC,21.79,,0xec316bf4809f4c42a290bae332889ba7
w00215,2025-08-26T05:44:41Z,deposit,USDT,52.28,,0x04638753ac994c18a4e1779db1a3ec8d
w00303,2025-08-26T06:45:44Z,wager,USDC,30.01,,0xea5c40fa98274a5ab424333504d3d214
w00374,2025-08-26T08:00:25Z,deposit,USDT,89.17,,0x424640d2c7534d34a00618a3784b9ba2
w00303,2025-08-26T09:39:44Z,wager,USDC,26.61,,0x202b26e93fa44b2192bc4d98ff6e8b8e
w00374,2025-08-26T13:00:25Z,wager,USDC,47.17,,0x9f59e3f3a68549e6854f99f3333697f1
w00374,2025-08-26T13:01:25Z,payout,USDC,27.91,,0xc18d253d18e34b43bfc2c42046dfb6dd
w00303,2025-08-26T13:05:44Z,wager,USDT,14.62,,0x248a78f7990949c0a78a37bbb37358b7
w00374,2025-08-26T15:42:25Z,wager,USDC,55.18,,0xa870dda539e34edc99b9d7b8cbf26551
w00374,2025-08-26T15:56:25Z,payout,USDC,28.14,,0xceccabfee54d4431a5abebdf5aabd973
w00374,2025-08-26T16:34:25Z,bonus,USDC,7.31,B532,0x3719c10a7400444780f5860cfa21d8bd
w00374,2025-08-26T16:46:25Z,wager,USDC,22.9,,0x4903382f15fd44f686ac92a72a24f76a
w00374,2025-08-26T16:52:25Z,payout,USDC,21.07,,0x85640e09ef3a42208264c9ec7a332ff0
w00374,2025-08-26T17:57:25Z,wager,USDT,36.72,,0xa7233155ae584b61bce1f6d0e282a9e5
w00374,2025-08-26T18:22:25Z,payout,USDT,20.25,,0xe78770799b7143b6ac1925e99972358a
w00374,2025-08-26T18:46:25Z,wager,USDC,15.42,,0xdc5ff885496848b8b3c72c9e25a8aec6
w00374,2025-08-26T19:11:25Z,payout,USDC,12.42,,0x8ee5da55e85640e381aa0980f6112d0c
w00250,2025-08-26T19:33:00Z,deposit,USDC,64.44,,0x124fb892fe1e4b53a211ec81717811f6
w00374,2025-08-26T19:48:25Z,wager,USDC,4.14,,0x09ab79ee479c4ba680bde31517dbcd5d
w00374,2025-08-26T20:12:25Z,payout,USDC,3.55,,0xbbf9fe42583146699dc4e44868d9f2a7
w00250,2025-08-26T21:53:00Z,wager,USDT,16.65,,0xce894a262e6c4f948c70f6529ee88a6b
w00250,2025-08-26T21:58:00Z,payout,USDT,12.05,,0x4c6e59195e3444a9b750581aef653b47
w00374,2025-08-26T21:59:25Z,wager,USDT,32.51,,0x6cfbc69b18cf4757af3d937fa3c72079
w00374,2025-08-26T22:19:25Z,payout,USDT,24.46,,0x792e8d01109d45d2b64e938d094f1500
w00250,2025-08-26T23:56:00Z,wager,USDC,15.45,,0xff1ddf2cd9994e479bdcf33350a4ad91
w00250,2025-08-27T00:14:00Z,payout,USDC,10.37,,0x3e44823fa036403dabb294ecaaed9d2b
w00250,2025-08-27T03:13:00Z,wager,USDT,6.1,,0xf9e9c36b114c41e5a83f6c8b53381fb4
w00250,2025-08-27T03:36:00Z,payout,USDT,5.7,,0x09593d59e8c746d9a8a555b35685a93d
w00250,2025-08-27T07:02:00Z,wager,USDC,65.99,,0x54edb59089054a75a4fcaa0c765c2679
w00250,2025-08-27T07:24:00Z,payout,USDC,51.84,,0xb5b0e807963d495e901497748dc78d67
w00394,2025-08-27T19:10:38Z,deposit,USDT,52.73,,0x50ef3b222cbc4fb6af0fade84041c64e
w00083,2025-08-27T19:33:18Z,deposit,USDC,88.93,,0x143e342974ee4892a077770bb470148b
w00313,2025-08-27T21:59:12Z,deposit,USDT,59.91,,0x840c35cd0362414bb7924d5a169cacb3
w00083,2025-08-27T23:20:18Z,wager,USDC,10.38,,0x54df1498a99b4d46881d3404366547d3
w00083,2025-08-27T23:42:18Z,payout,USDC,5.79,,0x452d36b9bb664f1c9560d66cbfc80759
w00394,2025-08-27T23:50:38Z,wager,USDC,32.87,,0xe87cc8b911fc4b0da228bd22c768e813
w00313,2025-08-27T23:54:12Z,wager,USDT,17.71,,0x3a698c2ab32c41c8ab7610e72f9b6e7f
w00394,2025-08-27T23:55:38Z,payout,USDC,26.89,,0x8a101c6ae1a144818a92eebc59f9d374
w00313,2025-08-28T00:05:12Z,payout,USDT,16.55,,0xab34601ea8f04833b0192228941aa928
w00313,2025-08-28T00:19:12Z,wager,USDC,35.43,,0xea8ed7045ac44904a0e21da9a742aa61
w00313,2025-08-28T00:30:12Z,bonus,USDC,14.51,B822,0xf241f785abd143ee9533e5d275fa1d17
w00313,2025-08-28T00:39:12Z,payout,USDC,22.47,,0xdff471b05a39485395cb3286428a043d
w00313,2025-08-28T00:56:12Z,wager,USDC,15.44,,0xa194aaa8d1f543168c6a7e29a734c0e8
w00091,2025-08-28T01:19:07Z,deposit,USDC,171.33,,0x608ece454c4b4864be51032f94aed328
w00083,2025-08-28T01:44:18Z,wager,USDT,7.89,,0x60208c9464354444bb3a81104f8bbb57
w00083,2025-08-28T01:51:18Z,payout,USDT,6.22,,0x3503dbc180ee4d07965786ee41852cd8
w00394,2025-08-28T03:34:38Z,wager,USDT,61.13,,0x94821a9ecf0b4804a1fadecb52427c7b
w00394,2025-08-28T03:36:38Z,payout,USDT,49.11,,0x7dbe3ab733164ff38b63eb55b06a9c92
w00083,2025-08-28T03:56:18Z,wager,USDT,77.47,,0xca017e5782df4b3885ea5f7ca0cea904
w00083,2025-08-28T03:58:18Z,payout,USDT,50.79,,0xd749c5ab0f5b4ba68b4fbdddbcfb3071
w00341,2025-08-28T04:52:30Z,deposit,USDT,149.24,,0x873c0bf2b053468e9d1a2af928929e81
w00091,2025-08-28T04:54:07Z,wager,USDC,50.26,,0x1d98df8a283b425f8655bc4b9e8c75bb
w00394,2025-08-28T05:23:38Z,wager,USDT,15.37,,0x941bfd8cb95948348625cac33c82bb9e
w00091,2025-08-28T08:28:07Z,wager,USDT,164.24,,0x312653f5b2334cd0b4686529eb1f35f7
w00077,2025-08-28T08:29:11Z,deposit,USDT,85.43,,0xfe92eaf321914fb6a73c6424195bfa6f
w00169,2025-08-28T08:34:09Z,deposit,USDT,51.73,,0x6e88e3a398f04fa8ab86927181afaf01
w00091,2025-08-28T08:35:07Z,payout,USDT,125.49,,0x014d52e96e4c4481999e8546deeafdfe
w00091,2025-08-28T11:16:07Z,wager,USDC,17.52,,0xbe761fd8e66446379a51bf2d2e40e6da
w00091,2025-08-28T11:34:07Z,payout,USDC,12.16,,0xecbaf686e6574f2a81e73ceed6579a8e
w00253,2025-08-28T13:41:08Z,deposit,USDT,33.69,,0xb00d4a16cfde4d66b0a55436f194620b
w00034,2025-08-28T14:15:37Z,deposit,USDC,121.54,,0x2bd1b717e9b041b6a7e830fbefa07d1d
w00172,2025-08-28T14:31:06Z,deposit,USDC,62.75,,0x128756349207497ab7f9b8fa53dfc0a0
w00172,2025-08-28T16:12:06Z,wager,USDC,116.02,,0x7e74a08a8c82492ab830cdf91b7b6183
w00172,2025-08-28T16:26:06Z,payout,USDC,88.57,,0xa970b2f575b24a3ba83417819cb640e8
w00172,2025-08-28T16:31:06Z,bonus,USDC,16.16,B350,0x2a246d86aaaf488ebb88c6c25b6895c5
w00253,2025-08-28T17:23:08Z,payout,USDT,63.39,,0x671f80608d144144971b625ad8c8d1af
w00253,2025-08-28T17:23:08Z,wager,USDT,67.25,,0x1ee5f24451f44cb685c8e7874857c8da
w00253,2025-08-28T17:31:08Z,wager,USDC,20.12,,0x366b530045a34d829a31d83106863d2d
w00253,2025-08-28T17:34:08Z,bonus,USDC,21.41,B712,0xf892a7cfdfc8435fb37ff749f8f7988f
w00253,2025-08-28T17:58:08Z,payout,USDC,18.15,,0xf8dd8088e8b5468c8aa113899931e145
w00158,2025-08-28T18:02:59Z,deposit,USDC,132.44,,0xaf4dd5cce5d8417181840f3ba82a40d1
w00034,2025-08-28T18:18:37Z,wager,USDT,30.17,,0xd1264ad5e969428ebbaff57f6cb8b76d
w00138,2025-08-28T18:32:10Z,deposit,USDC,120.56,,0x09640032c91d4d18a02963c5a538aaa1
w00034,2025-08-28T18:33:37Z,payout,USDT,19.83,,0xef0cb60d101f4c4f98aaa9ea63ae3d46
w00034,2025-08-28T19:12:37Z,wager,USDC,29.26,,0xa186d0b1b89b4eae9f4f170016cd07c6
w00138,2025-08-28T20:12:10Z,wager,USDC,23.34,,0xcc2b084f86a1476a879c62fdf4f350b9
w00034,2025-08-28T21:12:37Z,wager,USDC,29.2,,0xe5acff6734fe49909c3ce1f0c9b9a3cf
w00253,2025-08-28T21:13:08Z,wager,USDT,28.87,,0x1db9b882250a43a496a9b0c57547186e
w00138,2025-08-28T21:24:10Z,wager,USDT,25.33,,0x0d848ce26f314b96897f9bc68e0800ae
w00253,2025-08-28T21:34:08Z,payout,USDT,22.43,,0xb766a965aa494344b3fba5dec392d754
w00138,2025-08-28T21:45:10Z,payout,USDT,23.41,,0xfeebbebf6fb84118a144eb2221672899
w00158,2025-08-28T22:14:59Z,wager,USDT,23.21,,0x076af0b319ca4e0ba90b37cb3db805df
w00158,2025-08-28T22:26:59Z,wager,USDT,11.59,,0xd4b1026ce59a4e669346d57b6c76cd6f
w00158,2025-08-28T22:36:59Z,payout,USDT,12.24,,0xa160724e42664effb65ac59ad9c61fcf
w00158,2025-08-28T22:38:59Z,payout,USDT,6.63,,0xb38a422cfe8545ef9efa8539391441e5
w00034,2025-08-28T23:04:37Z,wager,USDC,49.29,,0x2ffe3b048a7a4d17b988c06a1d6f32df
w00138,2025-08-28T23:21:10Z,wager,USDT,28.16,,0x8337cc8efee148e69d6d42c772faa816
w00040,2025-08-29T01:21:46Z,deposit,USDT,113.71,,0x262317b2944d42bcbc05603b4809ae9f
w00138,2025-08-29T02:10:10Z,wager,USDT,24.79,,0x1eff68e235d947f8ad6ba304a4e716c0
w00138,2025-08-29T02:12:10Z,payout,USDT,14.47,,0xba6f35de80b94d26b3bfbf5302f81ba6
w00158,2025-08-29T02:24:59Z,wager,USDT,9.11,,0x19c2691a85374ed7a514a763760c3592
w00158,2025-08-29T02:31:59Z,payout,USDT,5.94,,0x8477445918f8434db5ef128be9e074bb
w00034,2025-08-29T02:41:37Z,wager,USDT,94.82,,0xb2fc991dd6874af4a113c2efecd3b6cf
w00034,2025-08-29T03:09:37Z,payout,USDT,75.72,,0xb1bcdcf849f14ccf86df2d8e6f01bd19
w00138,2025-08-29T04:10:10Z,wager,USDT,19.09,,0x35152d0f64e646dfb12711f67ee6e006
w00138,2025-08-29T04:14:10Z,payout,USDT,12.55,,0x266f461d30d04beb99a31327386eab66
w00138,2025-08-29T04:19:10Z,wager,USDC,11.31,,0x98a8c68ebb7e4cd683258c25d120b8d3
w00138,2025-08-29T04:44:10Z,payout,USDC,10.38,,0x9eb9dcdd3b154175a51f6ea8ca76e787
w00138,2025-08-29T05:00:10Z,bonus,USDC,15.5,B990,0xfe5ae5b50ead4ceda595b6dc5d91b4e3
w00040,2025-08-29T05:34:46Z,wager,USDT,53.03,,0xc6d3d08319da4565b6fa14619a1aa812
w00034,2025-08-29T05:55:37Z,wager,USDC,13.6,,0x47fe58b0e41f4334bd719de58ff659cf
w00158,2025-08-29T06:05:59Z,wager,USDC,56.72,,0x423ce0d494d441c2b93f514bb1750b5e
w00034,2025-08-29T06:10:37Z,payout,USDC,11.03,,0x11fa660d41064cdfa54760dc60cbd10b
w00158,2025-08-29T06:27:59Z,payout,USDC,48.52,,0x950e8c22e686403ca4de6c98878b53eb
w00040,2025-08-29T06:28:46Z,bonus,USDT,15.18,B569,0x919ec5d220f14dff84d8cf88bbba3aef
w00158,2025-08-29T07:04:59Z,wager,USDT,38.64,,0xdaf00232e86a4511b3b46ed9df3ab3bc
w00158,2025-08-29T07:13:59Z,payout,USDT,30.63,,0xd3b04b8e194c43ad9d89d058818d5a5d
w00158,2025-08-29T07:39:59Z,wager,USDC,6.7,,0x630bed49145141c38f6e7b05af4ee6cc
w00158,2025-08-29T07:45:59Z,bonus,USDC,5.61,B452,0xa55e500ac7194535849391f2cd2b6216
w00158,2025-08-29T08:00:59Z,payout,USDC,4.01,,0xc4b66cf92c0b4213bbd16548d5cd15ee
w00034,2025-08-29T09:04:37Z,payout,USDT,7.58,,0xc21ddd1efa314319ba1451ba8cd0ed5a
w00034,2025-08-29T09:04:37Z,wager,USDT,12.61,,0x3f9cb63e9fa54be48d4d7539c317d408
w00158,2025-08-29T10:18:59Z,wager,USDT,58.19,,0x0b4d48a12bf34519ac8b7b7907e1fb60
w00158,2025-08-29T10:41:59Z,payout,USDT,39.99,,0x70be5586f8634da78235deac85a2f2dd
w00158,2025-08-29T10:45:59Z,bonus,USDT,13.51,B615,0x85b69bf55e824d99ac218723961a1a62
w00011,2025-08-29T19:31:26Z,deposit,USDC,40.52,,0xa3f2b2d44f934e21b177f1baa0b87025
w00019,2025-08-29T22:11:34Z,deposit,USDT,85.53,,0x0cc1e99f231040cd91189863a9f3547a
w00202,2025-08-30T05:06:33Z,deposit,USDC,81.18,,0xa446b896fd8445598bcb055319f41cb7
w00202,2025-08-30T06:08:33Z,wager,USDC,25.35,,0xf0511082f38c48bc95dae4e0cd12dc41
w00202,2025-08-30T06:18:33Z,payout,USDC,23.16,,0x85de6608a28b411f8bf7f7acfd531662
w00344,2025-08-30T07:02:41Z,deposit,USDT,17.07,,0xe83eb53e38b647cbbaa5cf7e5ba7d310
w00202,2025-08-30T10:02:33Z,wager,USDT,88.48,,0xebb99262840a49d2ad8719bf494a31a2
w00202,2025-08-30T10:43:33Z,bonus,USDT,15.02,B660,0xad62fe8a28a74d679f5d7ef2de88b8f5
w00033,2025-08-30T12:31:00Z,deposit,USDC,35.81,,0x666eafa02ec0414b8c29a94c2100ec4d
w00185,2025-08-30T13:33:58Z,deposit,USDC,59.46,,0x874e75da841643268cf590cdb6160295
w00033,2025-08-30T14:26:00Z,wager,USDC,70.44,,0x909b59cd28f14904b3f33f921ab1b686
w00033,2025-08-30T14:55:00Z,payout,USDC,66.8,,0xa2f26e4c35f34e99a5c8ac87fcaf1ba8
w00033,2025-08-30T16:46:00Z,wager,USDC,160.36,,0x23588ccb545f4e4eb08f0586bcf5a1a4
w00010,2025-08-31T04:20:37Z,deposit,USDC,114.88,,0xff6791e11ed242a297371229893a235b
w00056,2025-08-31T04:39:47Z,deposit,USDC,45.12,,0x5089a6f285f747dda16c064d6d0cf057
w00010,2025-08-31T07:11:37Z,wager,USDC,15.07,,0x8d50a8aecc51400d871182a6020b6ef9
w00010,2025-08-31T07:22:37Z,payout,USDC,13.3,,0x6832297c69c44ea7be133829d4e5643f
w00010,2025-08-31T09:53:37Z,wager,USDC,21.84,,0x1eb9a343fccf4307b847268dabc4ea38
w00010,2025-08-31T10:15:37Z,payout,USDC,11.86,,0x99441b657a624f7e8aa112a6db72a283
w00167,2025-08-31T10:55:24Z,deposit,USDT,128.23,,0x88fb4961c8e442b0a28ae2734eb2f242
w00010,2025-08-31T11:32:37Z,wager,USDT,12.5,,0xba664bce311c4bf7b355659e8910b5ab
w00010,2025-08-31T11:53:37Z,payout,USDT,9.58,,0x24a5e1a109d04309a9cffa0bb8dbb79e
w00085,2025-08-31T18:02:44Z,deposit,USDT,126.07,,0xe4efa8b420ed4c7d817417a1b23d9d30
w00085,2025-08-31T20:05:44Z,wager,USDC,18.71,,0x1e20ae70fe534855b2622be2c1d4502d
w00085,2025-08-31T20:06:44Z,wager,USDT,15.56,,0x78b81e52d89248c6ad44ca9df553fc6e
w00085,2025-08-31T20:10:44Z,payout,USDC,9.62,,0x8c73d7dd80344b3a917d52dc1d6727bb
w00085,2025-08-31T20:17:44Z,payout,USDT,11.52,,0x9652fe1c60644ae0adb3d217bdb18bbe
w00234,2025-08-31T21:57:54Z,deposit,USDC,48.95,,0xe2c1657d14ae4226af06ed6ee401e99a
w00234,2025-09-01T00:11:54Z,wager,USDT,27.05,,0xeb025589c0054bdda3fbac0bddada1c7
w00234,2025-09-01T00:36:54Z,payout,USDT,22.6,,0xa8c9b9934eec4b269fc39e8a77c05dd5
w00276,2025-09-01T00:52:59Z,deposit,USDC,55.13,,0x6cd830e5c10f4d978aa1849b9e77b7b8
w00276,2025-09-01T02:42:59Z,wager,USDT,49.28,,0x4ef66d05a23442bca168fe82b10a70d5
w00276,2025-09-01T02:48:59Z,payout,USDT,32.3,,0x06029c51a9314ce6bb8a3768b9cf1727
w00382,2025-09-01T03:08:34Z,deposit,USDT,124.23,,0x937c04f1d6b0420e8092ab4e036e1b1c
w00234,2025-09-01T03:23:54Z,wager,USDC,52.64,,0xee5dc668d1034f8dac05ca973f6b28df
w00234,2025-09-01T03:35:54Z,payout,USDC,38.64,,0xdafc51e686344b2783b29749bc7f17c2
w00211,2025-09-01T04:31:03Z,deposit,USDT,60.01,,0x7b3709705d4b4a5698282b46566966d8
w00211,2025-09-01T04:43:03Z,wager,USDT,20.66,,0xc8c5fe6ab8534bdb9637bd7140f54058
w00211,2025-09-01T04:50:03Z,payout,USDT,16.22,,0x534b02332968495a9942efc3a4975409
w00211,2025-09-01T05:00:03Z,wager,USDC,30.55,,0xde62a139393546b792326dff7fb9744b
w00211,2025-09-01T05:27:03Z,payout,USDC,18.47,,0x1f54d7df528a4df79f478c54f4516aa0
w00211,2025-09-01T07:04:03Z,wager,USDT,52.7,,0xc566309c71264fe8bdce9da01caa5edf
w00234,2025-09-01T07:11:54Z,wager,USDC,43.7,,0xfa7499c8e49a40489ec931badf558e37
w00211,2025-09-01T07:21:03Z,payout,USDT,46.46,,0xf4f3b37b53d74edb994d4773a7cdf679
w00234,2025-09-01T07:27:54Z,payout,USDC,24.26,,0x85b0ee507c95464d85ad2c1acbb37aa0
w00234,2025-09-01T09:07:54Z,wager,USDC,15.03,,0xf49df1aa233c42cf9e96056fea2c3de0
w00234,2025-09-01T11:00:54Z,wager,USDT,24.66,,0xc75825a0355a44b8baa1c001c82b6d36
w00234,2025-09-01T11:26:54Z,payout,USDT,18.97,,0x087e7cdfddbc42d3acc02cee4c0b0883
w00234,2025-09-01T12:58:54Z,wager,USDT,46.58,,0x0b1b39b7ed894726ac2416974469725c
w00234,2025-09-01T13:14:54Z,payout,USDT,36.76,,0xb1143dc846bc497598a88f0f185849d0
w00301,2025-09-01T13:32:35Z,deposit,USDC,35.88,,0x921e41a4946e46b096c85ada40173e06
w00180,2025-09-01T14:09:34Z,deposit,USDC,178.42,,0xfa23c0fa5a5a4de8b05b7ac62a279682
w00180,2025-09-01T15:31:34Z,wager,USDT,16.75,,0xc697500cc9334fcd9d299e506bc38d1e
w00180,2025-09-01T15:38:34Z,payout,USDT,12.46,,0x770a8dce7d374806aa0227b0d57fb6e0
w00180,2025-09-01T15:58:34Z,bonus,USDT,15.38,B553,0x69e2630a95284dd390307aa07044f0b6
w00180,2025-09-01T17:28:34Z,wager,USDC,131.2,,0x45088eb45e674f158583cf9350984b02
w00180,2025-09-01T17:52:34Z,payout,USDC,113.64,,0x7f698402c12f4a1ba5a50106013e7715
w00180,2025-09-01T18:05:34Z,wager,USDT,10.25,,0x254fbb47698a4100a372baf581a5622b
w00180,2025-09-01T18:08:34Z,payout,USDT,6.26,,0x19578eeb595647ef8a85c5cf27fbc58c
w00180,2025-09-01T18:20:34Z,wager,USDC,8.57,,0x27c7a054efd54b598722e2683b42ca3f
w00299,2025-09-01T18:48:48Z,deposit,USDT,25.33,,0x093c27d95fba4edfba3614c7a23564af
w00180,2025-09-01T19:06:34Z,wager,USDC,55.46,,0x3a4c7d8e5724465788e73175158248af
w00180,2025-09-01T19:32:34Z,payout,USDC,45.65,,0x07b4a6830a00498da9feb6ce1e1d1144
w00180,2025-09-01T21:57:34Z,wager,USDT,5.87,,0x196ecec89cdd4496a08b92b47646b4a6
w00180,2025-09-01T22:19:34Z,payout,USDT,2.98,,0x15663d53810f441d82d0dbc027aa9e8f
w00299,2025-09-01T23:09:48Z,wager,USDT,243.82,,0x072dbb30dcfb4047a4ecbb6fb5b045b5
w00299,2025-09-01T23:35:48Z,payout,USDT,220.05,,0x56ffa94392ad4f068450e9f67e62195f
w00337,2025-09-02T00:56:37Z,deposit,USDC,39.44,,0xd362f2d74816455da7f18befdd737561
w00079,2025-09-02T02:52:42Z,deposit,USDT,64.45,,0x11bbc47523b54062bec478bb7f03c195
w00020,2025-09-02T02:55:56Z,deposit,USDT,44.08,,0x1c4d552f0c664d159aeea4d8fc6d4f01
w00299,2025-09-02T03:08:48Z,wager,USDC,62.54,,0xe8893b2731944042bcf93b0d0be91a1e
w00299,2025-09-02T03:42:48Z,bonus,USDC,16.47,B464,0xd990fc5f906a42dc89858e1c5fa340eb
w00337,2025-09-02T03:47:37Z,wager,USDC,41.4,,0x9d4eab5876ec4eb2b5f12a8521f4e81c
w00337,2025-09-02T04:02:37Z,payout,USDC,30.29,,0x725c821718244e0db46041dc57823ac7
w00020,2025-09-02T04:07:56Z,wager,USDT,84.44,,0xaeca3fbbabb048ad9790604b901a9c7f
w00020,2025-09-02T05:13:56Z,wager,USDT,48.26,,0x492fc4609ffe4cda8223a348427a2b55
w00020,2025-09-02T05:41:56Z,wager,USDT,51.46,,0x49b3910a20934005bf901bc5ed75f2fe
w00020,2025-09-02T05:42:56Z,payout,USDT,37.69,,0xdf85b42140314fa7841c6e44a1b87af5
w00337,2025-09-02T05:48:37Z,wager,USDC,24.34,,0xa7cdb769cc52492083e5bf62758db45f
w00079,2025-09-02T05:56:42Z,wager,USDT,30.54,,0x4a1b35aeede847518c093deed2e54da6
w00020,2025-09-02T06:00:56Z,payout,USDT,30.79,,0x39e4038d7dca4b9f8adb6459c350ad10
w00020,2025-09-02T06:11:56Z,wager,USDC,34.13,,0x1537ecf936f349fb8c5873a99c826baf
w00079,2025-09-02T06:22:42Z,payout,USDT,16.48,,0x008946bfafa344e6b6d609f6e8bbf586
w00020,2025-09-02T06:36:56Z,payout,USDC,30.63,,0x03dacd7d206e422e97067f0327971e12
w00079,2025-09-02T06:53:42Z,wager,USDT,60.78,,0x18ed256c34c949b98427c947dfd7bb8f
w00337,2025-09-02T07:21:37Z,wager,USDT,14.72,,0xfef7f1c8c7ae401e88cec402612fb528
w00337,2025-09-02T07:33:37Z,payout,USDT,10.55,,0xa7a7a6cbf03a44369f90e7147c4124eb
w00337,2025-09-02T08:50:37Z,wager,USDC,26.98,,0x921a53d493444c3baaaa2eeed8860d57
w00337,2025-09-02T09:06:37Z,payout,USDC,22.73,,0x452c1f33ef754cff8d66bc7116c3ddf8
w00020,2025-09-02T09:21:56Z,wager,USDC,21.56,,0x4ec7d2c7e7cb475c8f574af744ed56c7
w00079,2025-09-02T09:24:42Z,wager,USDC,18.28,,0xa434e6df0dac4caf9a5537f82ea159d2
w00079,2025-09-02T09:44:42Z,payout,USDC,15.35,,0x97e3a141f5af406887f0b33b15e0af61
w00020,2025-09-02T09:45:56Z,payout,USDC,11.85,,0x718eb2df91414b659d8641d047c53350
w00020,2025-09-02T09:48:56Z,wager,USDT,14.83,,0x7fc700fd12984d21846767d8ace3287a
w00020,2025-09-02T13:41:56Z,wager,USDC,66.13,,0x1a11c4ddbed54f3690f0de2ed97b5a60
w00020,2025-09-02T13:46:56Z,payout,USDC,42.13,,0x8b83ca412fb8431c9a7ba31254b98f9a
w00323,2025-09-02T18:53:28Z,deposit,USDC,103.18,,0x5659fd3e13a348838b63e6d4ada56d39
w00159,2025-09-02T23:25:27Z,deposit,USDC,69.73,,0xd81a86089d744f2eb07a222f087bd0a1
w00159,2025-09-03T02:45:27Z,wager,USDC,238.27,,0x8130f4885f8b4d9ca1248dbf37065427
w00159,2025-09-03T02:48:27Z,payout,USDC,181.18,,0x9ec215328eaf4ac8b7c3af861e553307
w00159,2025-09-03T04:42:27Z,wager,USDC,34.58,,0xa2e26d49371a436c85c9ee83f84ee668
w00159,2025-09-03T04:45:27Z,payout,USDC,23.44,,0xe98c8ee5c73a42158547eadd40d5cf06
w00159,2025-09-03T06:37:27Z,wager,USDC,8.64,,0x81eb066897d14a5d80b1d84abf7f8630
w00159,2025-09-03T06:49:27Z,wager,USDC,18.16,,0x2d8ad7003b0e4db691bd93bdf75ecad1
w00159,2025-09-03T07:05:27Z,payout,USDC,5.42,,0xea296ae644a042838bf27727d9949df7
w00159,2025-09-03T07:06:27Z,payout,USDC,12.22,,0xbcb0795db8e74f13b507b997eb101b8e
w00073,2025-09-03T08:27:56Z,deposit,USDT,79.46,,0xcd1f8517583d43f0a6bd8b75a82f76fa
w00073,2025-09-03T12:53:56Z,wager,USDC,19.17,,0x1b5ef6b6d1e94e2f8ab261d315881313
w00073,2025-09-03T13:12:56Z,payout,USDC,12.26,,0x62d7e50d77994f42ad8b4acc78572364
w00073,2025-09-03T16:18:56Z,wager,USDC,26.19,,0x586087d1bf764d148bccd3c649db7e17
w00073,2025-09-03T16:46:56Z,payout,USDC,21.16,,0x65719e82b2ea400795bba73a690a72ac
w00192,2025-09-03T18:02:36Z,deposit,USDT,34.16,,0xe64c72fe009b41fe96ca3734baf3f44a
w00073,2025-09-03T19:35:56Z,wager,USDC,24.88,,0x62ec57d86085414c8b9791da36763279
w00073,2025-09-03T19:36:56Z,payout,USDC,19.31,,0x64c65d6c001d4fefbd78952b4a68533e
w00073,2025-09-03T19:45:56Z,wager,USDC,42.7,,0xaab8fd8a30a14d0ca9573046acac33a7
w00073,2025-09-03T20:02:56Z,payout,USDC,39.27,,0x93a74ba3219c4696957c98b33f63a8d9
w00122,2025-09-03T23:00:37Z,deposit,USDC,38.7,,0x9e5ca69dd37447ee8148fe3db53a6f8e
w00122,2025-09-04T00:53:37Z,wager,USDC,29.1,,0x3eb8e6281a6748f6be49aa27f25558cd
w00122,2025-09-04T01:13:37Z,payout,USDC,25.32,,0xf12736ab2ddf4526878d38c74f0894ac
w00122,2025-09-04T01:27:37Z,wager,USDT,26.96,,0x6c07b2228da34943826be2bbe06e8471
w00122,2025-09-04T01:51:37Z,payout,USDT,20.2,,0xab255e709f1c4bc29e6bd58e4d1072e0
w00122,2025-09-04T05:17:37Z,wager,USDT,70.2,,0x1581b8bbd22b40d8bdd9d26beb8ac7e1
w00122,2025-09-04T05:39:37Z,payout,USDT,61.31,,0x172db7b6dba64d68810a2e80a2b8285d
w00182,2025-09-04T08:39:04Z,deposit,USDC,45.09,,0x0640ab44800d43149ae6ab1dfb208b9a
w00122,2025-09-04T08:56:37Z,wager,USDT,14.45,,0x840e0c40900b4803825649b0f1aa5d2e
w00100,2025-09-04T08:58:12Z,deposit,USDC,78.98,,0xfa60bb23e0034730b6768e0f3c03f835
w00122,2025-09-04T09:07:37Z,payout,USDT,11.11,,0xd251b9b34d8d4f398b5e57072f17fd41
w00182,2025-09-04T10:22:04Z,wager,USDT,23.17,,0x8783b14bc9b34a33b4e7ca579d2e20aa
w00182,2025-09-04T10:28:04Z,payout,USDT,20.55,,0x843df56dc5b24096aa166825b8d32b06
w00182,2025-09-04T11:18:04Z,wager,USDC,98.75,,0xac66b8b0d4dd4770a8cee22c86656247
w00182,2025-09-04T11:46:04Z,payout,USDC,84.63,,0x1480d9ae709c4c499a5386b232fe1d8f
w00182,2025-09-04T12:00:04Z,wager,USDT,31.68,,0xb9134ed3cc3e4d299310b51c6cb9fc8a
w00182,2025-09-04T12:19:04Z,payout,USDT,28.92,,0x3c7fd90fcdbe407591022e4cc55a8117
w00100,2025-09-04T12:53:12Z,wager,USDT,50.27,,0x3c679a375c36496187174958c53a14f6
w00122,2025-09-04T12:53:37Z,wager,USDT,14.34,,0x34aece7f54514d219f0dafd7078dfb75
w00100,2025-09-04T12:58:12Z,wager,USDC,8.34,,0x5f1aa85c98864df8bbb8ca483568c770
w00100,2025-09-04T12:59:12Z,bonus,USDC,9.03,B267,0x0a170152580f4c8fa851154fc0da9196
w00122,2025-09-04T12:59:37Z,payout,USDT,11.46,,0xb73cd8b8c2ad404e89fb912018add7fc
w00131,2025-09-04T13:00:27Z,deposit,USDC,77.61,,0xa08dfbbd7891453d86548806b5e68fed
w00100,2025-09-04T13:02:12Z,payout,USDT,32.75,,0xa7f64ac934e14169bfc8e60fbbdded8d
w00100,2025-09-04T13:09:12Z,payout,USDC,4.41,,0xb98b35bd604245c9ac71d71970035a17
w00259,2025-09-04T13:46:18Z,deposit,USDT,132.54,,0x08b37d6542c04c7984d39ca0f4521460
w00131,2025-09-04T13:50:27Z,wager,USDC,18.65,,0xe362ee59e955465ea831f8e421ad2ebb
w00131,2025-09-04T14:15:27Z,payout,USDC,14.09,,0x0c1f28d2d7da4f0eb802f818ca3be222
w00213,2025-09-04T14:29:19Z,deposit,USDT,50.34,,0xd69738cbe1e74e289cc6d184d4ba0de0
w00100,2025-09-04T15:41:12Z,wager,USDC,144.45,,0x77daa4d710254165ae81a9accaf0eb2e
w00100,2025-09-04T15:57:12Z,payout,USDC,94.9,,0xd57a4c66d3c84816a71e973e3de79e12
w00122,2025-09-04T16:26:37Z,wager,USDT,62.2,,0x4a45e98c8b97477e9fcb515e324beada
w00259,2025-09-04T17:40:18Z,wager,USDC,35.62,,0x037d763132104a77bc24f9efbaa86751
w00259,2025-09-04T18:04:18Z,payout,USDC,26.26,,0x856bc4a2c7ca46ddb1d85fc90a3343c8
w00122,2025-09-04T20:06:37Z,wager,USDT,32.46,,0xead7edc863a347aaadcfaa9a17fc7344
w00259,2025-09-04T20:08:18Z,wager,USDC,15.79,,0x9d19ca43118542d4b02f371eee39b796
w00122,2025-09-04T20:19:37Z,payout,USDT,27.49,,0x522237e2ef3d4322a3af55c162de8c33
w00399,2025-09-04T20:22:48Z,deposit,USDT,63.4,,0xf0c00c4e18c54d5698ac4f4488e6507b
w00259,2025-09-04T20:37:18Z,payout,USDC,14.22,,0xfb7a763317c9447c8bcd26e6d319cea9
w00148,2025-09-04T22:18:11Z,deposit,USDC,74.61,,0x5d0c96b97d1147c0a198ca29d68f9b7e
w00259,2025-09-04T23:48:18Z,wager,USDT,33.29,,0x2f18c93fe29740859b18472985c9da66
w00259,2025-09-05T00:07:18Z,payout,USDT,29.5,,0xbed9f14997e74f4c92bb20b6b8869c5e
w00273,2025-09-05T00:07:58Z,deposit,USDC,102.17,,0x50cc15156caf4ee5aa6904cf17babf07
w00273,2025-09-05T02:04:58Z,wager,USDT,177.91,,0xeae4a88de8be469b8daa2bf453ad89f4
w00273,2025-09-05T02:17:58Z,payout,USDT,161.86,,0xdb067c8939be4058b1177fd350468caa
w00273,2025-09-05T02:30:58Z,wager,USDC,38.78,,0x8cfbf17b7ac04ab49ce3dd0824fba682
w00070,2025-09-05T02:45:12Z,deposit,USDC,48.73,,0xa31474da9e11436faa2689120977904a
w00148,2025-09-05T03:05:11Z,wager,USDT,28.87,,0x426cadd0d17a4956b38dd52ec9ec681a
w00148,2025-09-05T03:17:11Z,payout,USDT,14.55,,0xbefeac02afcc4c85be8ac8b1991527d4
w00273,2025-09-05T03:22:58Z,wager,USDC,70.92,,0x57c5572e91ba49969dc1d75232bb7950
w00273,2025-09-05T03:29:58Z,payout,USDC,49.61,,0x6dc3324a303b40c2a662129192b728e3
w00259,2025-09-05T03:38:18Z,wager,USDT,25.73,,0xb1f40200fb5c4f3fb436cdfebb32af33
w00259,2025-09-05T03:56:18Z,payout,USDT,19.13,,0x9f0f692a19c146f78491cfbb257b4ef3
w00148,2025-09-05T05:43:11Z,wager,USDC,21.86,,0x70b124832c3540d5b6309c0394095231
w00148,2025-09-05T05:51:11Z,payout,USDC,11.11,,0x2603f5d0010842d1b24da6a0b6b34562
w00273,2025-09-05T05:59:58Z,wager,USDC,25.68,,0x9bb133ab096047f39b1b16a9d79fed29
w00273,2025-09-05T06:21:58Z,payout,USDC,20.23,,0x5ce41118963d4ad9bf616d3406b40c30
w00070,2025-09-05T06:30:12Z,wager,USDT,14.99,,0x15235cbe40a542259f3adacc430d8d23
w00070,2025-09-05T06:35:12Z,payout,USDT,9.0,,0x307ff2c1a97f491da56f7f4c7e0ac83f
w00070,2025-09-05T07:28:12Z,wager,USDT,26.27,,0x64da612668dd43fd84ce26e1030340f0
w00070,2025-09-05T07:40:12Z,payout,USDT,13.28,,0xfd18fbf074fc414c94f1291852a3e2ab
w00273,2025-09-05T09:18:58Z,wager,USDT,42.27,,0xc12b9b94e5a94756b7004fb89c1081f2
w00273,2025-09-05T09:21:58Z,payout,USDT,23.64,,0xc6ee35aa1547437f84d45eb179a97377
w00148,2025-09-05T09:27:11Z,wager,USDC,31.61,,0xd223b7a851124828af449dc7524c4c92
w00148,2025-09-05T09:54:11Z,payout,USDC,27.76,,0x167b6fa53f524dd394ddf526ef5a5d6f
w00273,2025-09-05T10:44:58Z,wager,USDC,22.66,,0x6dd00fb6f1374887a96aecd6f549aa21
w00273,2025-09-05T10:44:58Z,bonus,USDC,17.01,B460,0xd0fe42bed9f64db9872accb0b79a5321
w00273,2025-09-05T11:07:58Z,payout,USDC,14.01,,0x1d0676f1ecbb4895b383b399aebdfdd0
w00070,2025-09-05T11:17:12Z,wager,USDT,31.72,,0xdb7b7c3c8e694061873dc93f5b5b7f80
w00112,2025-09-05T11:23:07Z,deposit,USDT,80.26,,0x6a595c829c804a88ada0f20fdbfab9d7
w00070,2025-09-05T11:35:12Z,payout,USDT,19.47,,0xc6f8495be28a4aa4b227d065889227a8
w00070,2025-09-05T11:37:12Z,wager,USDT,27.35,,0x1e6d9ec4e5f04d3ba31af1b53a78cc66
w00070,2025-09-05T11:51:12Z,payout,USDT,14.6,,0xace0bca012a746fba38a14ed8baf284e
w00273,2025-09-05T11:56:58Z,wager,USDC,5.04,,0x5a9351d8e59446ad98fcc99b302b4b39
w00078,2025-09-05T11:59:14Z,deposit,USDC,42.58,,0xad50d056d41341c6ab981178dc34736f
w00273,2025-09-05T12:01:58Z,payout,USDC,3.96,,0x3ecea796109d4860a3bdc7a802f8ff85
w00148,2025-09-05T13:08:11Z,wager,USDC,41.49,,0x468eafe6715245edb7e7b4185d340aca
w00031,2025-09-05T13:12:31Z,deposit,USDC,93.78,,0x84295b7337c44cb2adc2f13c86c38967
w00148,2025-09-05T13:27:11Z,payout,USDC,35.47,,0x5d7b11b12abf4e77a68e2ebf226d9de4
w00329,2025-09-05T13:37:32Z,deposit,USDT,112.17,,0x4a8f7283e0594202b47b67e60040bfb3
w00112,2025-09-05T13:41:07Z,wager,USDT,48.66,,0x17b375f3ebec41bdb4f48d01f6a3ae82
w00112,2025-09-05T13:52:07Z,payout,USDT,45.07,,0x8ea160e11bbf4166acf0e3fd3a4adea5
w00112,2025-09-05T13:58:07Z,bonus,USDT,23.24,B715,0x469f2a1de2d3426894c0ecf81ff7673a
w00070,2025-09-05T14:16:12Z,wager,USDC,74.87,,0x4f4fe5c7634343eb94daa527b4fe0629
w00070,2025-09-05T14:37:12Z,payout,USDC,70.99,,0x9663ea09c5664b5fad403ba7a0b93f9d
w00112,2025-09-05T14:41:07Z,wager,USDT,23.52,,0x25ab3cddca5c492d8d4c75b99402d092
w00148,2025-09-05T14:44:11Z,wager,USDT,30.9,,0xc1fb5323a3c84d2da0b751e71ee7c0fd
w00112,2025-09-05T14:45:07Z,bonus,USDT,16.3,B423,0x4771d7fd69964e31a8fa095f5ace681c
w00148,2025-09-05T14:47:11Z,payout,USDT,26.17,,0x88a9bac6ce17463891c8915b3e838e6c
w00112,2025-09-05T14:52:07Z,payout,USDT,18.04,,0x1fd0c19325744911ad39e80e1ef0cc85
w00078,2025-09-05T15:08:14Z,wager,USDC,25.02,,0x65dd6419c81142fd8664116312c232eb
w00078,2025-09-05T15:28:14Z,payout,USDC,14.02,,0xc8881e146a9147b1aa910065a92a0f45
w00329,2025-09-05T15:40:32Z,wager,USDC,108.54,,0xdb3999fbba9d4e528be60da57ca59357
w00329,2025-09-05T15:51:32Z,payout,USDC,65.28,,0xd7fd6fefb03e487f99c3392cede05d5b
w00078,2025-09-05T16:03:14Z,wager,USDC,64.49,,0xb40119d1c51543cd92dce4f10dad3f99
w00329,2025-09-05T16:05:32Z,wager,USDT,48.57,,0xeeccc3c3986c4d88bd5e5c95090ca7f0
w00070,2025-09-05T16:14:12Z,wager,USDT,53.06,,0xdd1b9d317fef49b2b3717f3f4c8e225f
w00329,2025-09-05T16:17:32Z,payout,USDT,41.36,,0xfd985c14b0354f2e93ed993cb56b7d3d
w00078,2025-09-05T16:26:14Z,wager,USDC,33.91,,0x1a18bacb371e48fcaf7adc52b5d8c03c
w00078,2025-09-05T16:30:14Z,payout,USDC,28.69,,0xe9022e281259438b95313d25e054f085
w00078,2025-09-05T16:33:14Z,bonus,USDC,22.29,B808,0x6b0da86d3f7c425ab11863e604e80a80
w00070,2025-09-05T16:36:12Z,payout,USDT,35.7,,0xdc4594fe0fa0450681aff43f9e654287
w00112,2025-09-05T16:41:07Z,wager,USDC,28.02,,0x546f6ca5824a4e68882e98233d4771bd
w00148,2025-09-05T17:14:11Z,wager,USDT,57.49,,0x9c29adec3fb04a5cabcf90fde042efb9
w00329,2025-09-05T17:28:32Z,wager,USDC,32.34,,0xf355cecf0aa94be295d9e411ce090ae8
w00148,2025-09-05T17:35:11Z,payout,USDT,47.08,,0x96e140e5d21a4e76bbd9a1e490ed6636
w00112,2025-09-05T18:58:07Z,wager,USDT,17.78,,0x25f7c31d825c4b69b1c561c566cdc8d7
w00329,2025-09-05T19:12:32Z,wager,USDC,34.06,,0xf8ede550d2884dc185811782c527e72e
w00112,2025-09-05T19:26:07Z,payout,USDT,12.28,,0x7428d678b12a498f8a4f567a43c69818
w00329,2025-09-05T19:39:32Z,bonus,USDC,23.13,B962,0x74273affb0df437b906d7b7ab94ecffc
w00078,2025-09-05T19:48:14Z,wager,USDT,31.04,,0x68a9ab6d462b4d1496ad6ea02d6119bb
w00078,2025-09-05T19:49:14Z,wager,USDT,16.16,,0xf7512e8f2a0b4a40bb0a608e4d60e14e
w00078,2025-09-05T19:53:14Z,wager,USDT,17.21,,0x7f50daf848244c0c9a414a266c70899e
w00078,2025-09-05T19:56:14Z,wager,USDT,2.38,,0xb85060c4fa36487db85685418ad33e26
w00078,2025-09-05T20:01:14Z,payout,USDT,15.02,,0x92786cd8fe964ef389a6d14526b00e91
w00078,2025-09-05T20:04:14Z,payout,USDT,27.39,,0x4b169fd412484023ba0fd0cb90a0f01c
w00078,2025-09-05T20:09:14Z,payout,USDT,10.38,,0xf5206e84a4004d7494be4aa89bf0bf5a
w00148,2025-09-05T20:27:11Z,wager,USDC,13.22,,0xd845836532c04564a2ee4092f70663a5
w00050,2025-09-05T22:15:54Z,deposit,USDT,87.99,,0xd079f79d13c742c09cdd92278f4d4292
w00112,2025-09-05T22:24:07Z,wager,USDT,67.44,,0x2defc5e81e314fca920a82b9641008b5
w00329,2025-09-05T22:35:32Z,wager,USDC,20.93,,0xc262d4a2063c4d70820421f2df512188
w00112,2025-09-05T22:45:07Z,payout,USDT,62.08,,0x1f2a1ff4ad3441a2bce3bdc485f5066d
w00329,2025-09-05T22:51:32Z,payout,USDC,12.91,,0x4638dce26c61411d931f179c1aac8da8
w00050,2025-09-06T00:01:54Z,wager,USDC,7.27,,0xfbeccc470d0943d4ac44e4dafe558298
w00050,2025-09-06T00:07:54Z,wager,USDC,26.22,,0x011c3192b9364dacb25ea74fcbef1f61
w00050,2025-09-06T00:12:54Z,payout,USDC,6.15,,0x6359fcd2b2a64ee1a1bc1ca6a5c75383
w00050,2025-09-06T00:26:54Z,payout,USDC,13.72,,0x57ec44519eb045b6ba53a47b362ece75
w00314,2025-09-06T00:39:20Z,deposit,USDT,68.74,,0x724f48374c664dad9a444893cbdf32fc
w00050,2025-09-06T01:01:54Z,bonus,USDC,13.23,B966,0x7cb95323ea624ddfa2f8c8aa0d8f5aa1
w00112,2025-09-06T01:08:07Z,wager,USDT,17.48,,0x7a8f9ff23dff4fd09a08a4ba0666d07f
w00112,2025-09-06T01:09:07Z,wager,USDC,19.17,,0x817e790412824504ab633ec6bc23c048
w00112,2025-09-06T01:31:07Z,payout,USDC,17.09,,0x0c9a4c860ca24d20aa100276328d9d92
w00112,2025-09-06T01:32:07Z,payout,USDT,9.72,,0x0af708a33d9d4cecb97ccdb4b8d3aeec
w00329,2025-09-06T01:37:32Z,wager,USDT,24.39,,0x7d02e7f1ce30442e99de3f5240e47ff9
w00314,2025-09-06T01:49:20Z,wager,USDT,19.78,,0x589918e5119140a695adf0b53429739f
w00329,2025-09-06T01:51:32Z,payout,USDT,17.35,,0x3d5fdd9809b84bee8e4f3cf9969528c7
w00314,2025-09-06T02:04:20Z,payout,USDT,14.13,,0x9c9a2e007dda4a85b7d30d5a761091d1
w00050,2025-09-06T02:55:54Z,wager,USDT,38.98,,0xe1c07ef9fbc9427fb32b5b4ee32072aa
w00050,2025-09-06T03:07:54Z,payout,USDT,32.23,,0x63d541595fba4bf486b792941cba95b0
w00050,2025-09-06T03:14:54Z,wager,USDC,25.15,,0x4ed08509f0984f2aac9b6a356469433e
w00050,2025-09-06T03:36:54Z,payout,USDC,17.54,,0x6daccb06d4f0432cb4d7e3e33df285c1
w00050,2025-09-06T04:44:54Z,wager,USDC,19.29,,0x105b725b11164c4fbd684ac6a965c31c
w00050,2025-09-06T05:04:54Z,payout,USDC,9.87,,0xee3b505e8a324c25a639865300400f65
w00004,2025-09-06T05:28:58Z,deposit,USDC,56.68,,0x8c0eca4ba3fe485da04a63b04a7baada
w00314,2025-09-06T05:45:20Z,wager,USDC,18.44,,0xca68919dd8a845bfa8e427017ded0bdc
w00314,2025-09-06T05:58:20Z,wager,USDT,11.54,,0x7a9f8e0d155f44139286d8c0aa638b2d
w00314,2025-09-06T06:10:20Z,payout,USDT,7.93,,0x628d55ad3fef4d2493fb4cb5aa7a56eb
w00314,2025-09-06T06:25:20Z,bonus,USDC,5.06,B554,0x6a50941bd4be4d309dcf3b60bd49e90b
w00314,2025-09-06T08:15:20Z,wager,USDT,84.36,,0x75130bb7c147441188e8daeb1e80dfad
w00314,2025-09-06T08:25:20Z,payout,USDT,67.13,,0x0bcf3ae4f6da40408b939809af3adfcd
w00314,2025-09-06T09:09:20Z,payout,USDT,15.73,,0xca0d86e9c5dd4fc3be6c595c55b7fd57
w00314,2025-09-06T09:09:20Z,wager,USDT,17.55,,0x9dc2de3a210141319e226e4ad69a4081
w00004,2025-09-06T10:07:58Z,wager,USDC,27.54,,0x5e6eeb49bf014229aa2e315f2ee54da1
w00004,2025-09-06T10:34:58Z,payout,USDC,14.35,,0x3f2181f191064e719f8f17c50231d45f
w00314,2025-09-06T13:06:20Z,wager,USDT,42.68,,0x93d38df5b3354888b649b45a0097c97f
w00314,2025-09-06T13:09:20Z,wager,USDC,46.02,,0x9c156421852b45dc8236254525c04747
w00314,2025-09-06T13:20:20Z,payout,USDC,29.55,,0x8bbab5d8c8794287bb028f6b2570a3db
w00314,2025-09-06T13:23:20Z,bonus,USDT,23.62,B903,0xb4e9e5a1b1b740d483c3ce493aa07639
w00314,2025-09-06T13:29:20Z,payout,USDT,27.01,,0x381587f7009c44b4acd3157322f0c96a
w00004,2025-09-06T13:35:58Z,wager,USDC,20.1,,0x3163a52628004694b0b31471bebe0ed3
w00004,2025-09-06T14:04:58Z,payout,USDC,12.16,,0xc151191b426040c482659f5ec296e2a2
w00004,2025-09-06T14:30:58Z,wager,USDC,17.45,,0x7ba7fa6a778e409ab33b3172e6d50abe
w00004,2025-09-06T14:54:58Z,payout,USDC,16.45,,0x209a4f4e4f934be89d795be4afc7829f
w00346,2025-09-06T15:02:56Z,deposit,USDC,66.02,,0xcca6b6209a93419a9ccbf35492d303b1
w00004,2025-09-06T16:41:58Z,wager,USDC,41.2,,0x9f183e034fa640a992c535726d9ad886
w00346,2025-09-06T17:06:56Z,wager,USDC,43.22,,0x71a475e73ce34bf6936423eb5c91414c
w00004,2025-09-06T17:54:58Z,wager,USDT,36.3,,0xf6875edd1ac14ad1a2e210471f932bca
w00004,2025-09-06T17:57:58Z,payout,USDT,19.21,,0x2c1b9830a51147858234727ab8c21fb5
w00004,2025-09-06T18:03:58Z,wager,USDC,48.56,,0x9d625547cedd4fd4b3a2a73c1abf2f09
w00346,2025-09-06T18:04:56Z,wager,USDT,37.48,,0x13c6ba968bcb4d1eb355d417c668f70c
w00004,2025-09-06T18:04:58Z,payout,USDC,24.63,,0x7f5039d3510f435eb680e74c76749701
w00346,2025-09-06T18:33:56Z,payout,USDT,23.85,,0x215d41459f404f428b5d8eb3c13105b5
w00004,2025-09-06T18:43:58Z,bonus,USDT,23.84,B113,0x0d0e2a3282af4ec3b8aad1013e0060d4
w00346,2025-09-06T21:03:56Z,wager,USDT,18.18,,0x6b20f798bdf54a3ab8e7f60c57ec5331
w00346,2025-09-06T21:32:56Z,payout,USDT,10.58,,0xc72b63213ae14cafb2beadaebd868e15
w00345,2025-09-07T05:12:23Z,deposit,USDC,137.54,,0xa9b1246bea8046cb96d0df406e04a6b1
w00345,2025-09-07T10:10:23Z,wager,USDC,19.05,,0x0a6787ca4cd34ba98bf086dfb6b1a91b
w00345,2025-09-07T10:34:23Z,payout,USDC,16.09,,0x48d440a784d04a58b3419b825f26dd27
w00081,2025-09-07T12:58:52Z,deposit,USDT,262.34,,0xafce876bdc8d4d6080fd00043d01bf53
w00345,2025-09-07T13:18:23Z,wager,USDT,25.61,,0xb0ff7e3bc1974045a024568a84326a78
w00345,2025-09-07T13:22:23Z,payout,USDT,18.83,,0x0d2eb58db0f2411594fb08836fc6ca30
w00345,2025-09-07T15:01:23Z,wager,USDC,14.78,,0xf31269c581af4e22a33081d1a9fbf46f
w00316,2025-09-07T15:59:51Z,deposit,USDC,64.62,,0xd7623d716ed2401285d41468ff51f6da
w00336,2025-09-07T16:25:10Z,deposit,USDT,73.47,,0x27fbdad9c5f84f1d8076b561efafc323
w00289,2025-09-07T16:34:56Z,deposit,USDC,154.63,,0x814d9b9084784bd58a3072ae38804100
w00345,2025-09-07T17:47:23Z,wager,USDT,42.6,,0xa0e78065157f4679a403d40fc8bb3682
w00336,2025-09-07T18:17:10Z,wager,USDC,80.93,,0x7376ff12f05b4c358dd5874338d67a66
w00289,2025-09-07T18:17:56Z,wager,USDT,20.43,,0xa892c62e3aae4a7991759a56baed0525
w00289,2025-09-07T18:36:56Z,payout,USDT,13.39,,0x4bcfa0cf84fa424893fdd42a0baea0d9
w00289,2025-09-07T18:36:56Z,wager,USDC,29.68,,0xd877733631c5439986b6e6963a28cbac
w00101,2025-09-07T18:38:43Z,deposit,USDT,54.48,,0xf35cb0e0822947578ba52ddba02210f7
w00336,2025-09-07T18:44:10Z,payout,USDC,69.03,,0x4a3a005f114d43c4b27611fc174620ad
w00163,2025-09-07T19:30:55Z,deposit,USDT,125.36,,0x7aac6ca2b0d44544965479e57e8cfd32
w00345,2025-09-07T19:55:23Z,wager,USDT,26.58,,0xb2dba337f91c41609813ea15d2b53711
w00345,2025-09-07T20:09:23Z,payout,USDT,13.31,,0x29f24eef3a7b4ac8a1d63da9bef59428
w00345,2025-09-07T20:32:23Z,bonus,USDT,8.82,B943,0x6947076c8e2943acb934586f85d949d7
w00289,2025-09-07T22:16:56Z,wager,USDT,28.07,,0xe3bef0ac20a546ccbf5a7abea301c482
w00289,2025-09-07T22:30:56Z,payout,USDT,14.12,,0x6a76d96ce8e04a2b9d4199d5474a2d8b
w00289,2025-09-08T01:59:56Z,wager,USDC,24.22,,0xafee1d1576ae475db2b15eb36244de2d
w00289,2025-09-08T02:03:56Z,bonus,USDC,11.22,B905,0xf40363372389424a9dfc81c1894da422
w00289,2025-09-08T02:09:56Z,payout,USDC,20.74,,0x1ded9c9746494ec081c526451b075430
w00132,2025-09-08T04:52:48Z,deposit,USDT,51.09,,0x69abb49244504e1b963bf15b4210d483
w00132,2025-09-08T06:57:48Z,wager,USDT,21.05,,0x03f00a2978ee45e3abcc36f75df0f619
w00132,2025-09-08T07:14:48Z,payout,USDT,19.28,,0xf666de17f4f14acd958b565cc742706f
w00132,2025-09-08T10:40:48Z,wager,USDT,70.09,,0x0bdcac66c42045c2abefb7dca93b8cf7
w00186,2025-09-08T11:34:45Z,deposit,USDT,75.52,,0xa7e1a83cf6d247deb7635715432fff62
w00186,2025-09-08T12:10:45Z,wager,USDC,27.89,,0x1ce9e39b54d84e16a01b12f54192201d
w00186,2025-09-08T12:33:45Z,payout,USDC,22.06,,0xfe06a2f6a77145ac81b2adad96512d0f
w00132,2025-09-08T14:22:48Z,wager,USDT,21.08,,0x7375c06bd1b34619862683e30cdfd4bf
w00035,2025-09-08T14:54:09Z,deposit,USDT,73.52,,0x0e7399c1049d4e138ede8793d0e21538
w00132,2025-09-08T15:20:48Z,bonus,USDT,6.1,B501,0xb09159f6617d49a4a9c1022460aa197a
w00094,2025-09-08T15:23:52Z,deposit,USDC,21.09,,0x262135999a334c259a3d057ef478deb3
w00190,2025-09-08T16:30:21Z,deposit,USDC,120.08,,0xc8c7c95fa80744a6b134e8ac322e07f4
w00132,2025-09-08T17:30:48Z,wager,USDC,10.14,,0xc8fd3f67dd0b4317ab86b2c07ce93e38
w00132,2025-09-08T18:15:48Z,wager,USDT,38.5,,0xaf4979fe4e90486ea74b0edebb7d785d
w00132,2025-09-08T18:19:48Z,payout,USDT,20.58,,0xf165d39b64074525b074313b02af72e9
w00265,2025-09-08T18:34:03Z,deposit,USDT,78.51,,0xf88e3676216b4ffeb477c920c3ef6606
w00309,2025-09-08T19:17:50Z,deposit,USDT,129.39,,0x3d80014c6f3248079285c37bf88db652
w00094,2025-09-08T19:31:52Z,wager,USDC,43.78,,0xd470e6f05b4840c79903eea22deb71c3
w00191,2025-09-08T20:34:04Z,deposit,USDT,128.0,,0x301b9441945042ff99035ba60dc4d6a5
w00094,2025-09-08T20:46:52Z,wager,USDC,30.62,,0x02e4880383ea4d9b8301ca40bcade094
w00094,2025-09-08T20:51:52Z,payout,USDC,27.24,,0x0a9d94b1ab784974b498934b1dbc042c
w00132,2025-09-08T21:50:48Z,wager,USDT,4.62,,0xb3a5f078b1ae4fe588f73eb88d523df8
w00132,2025-09-08T22:04:48Z,payout,USDT,2.45,,0x219466037eba4fa78532a73feeeb415f
w00094,2025-09-08T22:44:52Z,wager,USDC,51.19,,0xfe46eab1a3c64e7588d70dbfaf2698c2
w00094,2025-09-08T23:07:52Z,payout,USDC,31.54,,0x1a98a6ac66804c88bbf242acee1ae268
w00191,2025-09-08T23:46:04Z,wager,USDC,40.38,,0xf8160ea8d3fd45409e90b51bc8fdbeea
w00191,2025-09-08T23:49:04Z,payout,USDC,34.23,,0x1e883ac76c6c474a9285323f97d686e5
w00132,2025-09-08T23:50:48Z,wager,USDC,67.27,,0x49ca298302bb43ea857c4764bd9b94a2
w00132,2025-09-09T00:18:48Z,payout,USDC,49.97,,0xfdb238e5e638448da95a65b7afb4e7fb
w00094,2025-09-09T01:58:52Z,wager,USDC,47.99,,0x4ca18f13e390430794df55a4dfdc8f93
w00094,2025-09-09T02:05:52Z,payout,USDC,36.02,,0xd9c8fbbb30f144859aa43877faf8aa4d
w00191,2025-09-09T03:38:04Z,wager,USDT,84.76,,0x6097123097544219b615d96e73a0a3b4
w00191,2025-09-09T03:41:04Z,payout,USDT,66.99,,0x4290c4b519744e9b9ab47afd580964ec
w00196,2025-09-09T03:45:00Z,deposit,USDC,73.25,,0x119b0a150f2a481f9882f011fc349805
w00191,2025-09-09T05:41:04Z,wager,USDC,18.04,,0x334396c2aceb4586b8283c33877f8c64
w00191,2025-09-09T05:47:04Z,payout,USDC,11.81,,0xde1cf3adc6bd4e3cbb8f43e01f9b8524
w00196,2025-09-09T06:24:00Z,wager,USDT,29.35,,0x3f5a4507198543b38cef53d7bb255c80
w00196,2025-09-09T06:27:00Z,payout,USDT,22.1,,0x52a7611a40d949d7b798a1f0d5e5a3f2
w00383,2025-09-09T06:37:30Z,deposit,USDC,351.06,,0xa0f156e6557c4cd78c7d1271dab33df8
w00191,2025-09-09T06:40:04Z,bonus,USDC,6.39,B660,0x3d36e246daf4441db10346df87e46739
w00196,2025-09-09T06:54:00Z,bonus,USDT,24.23,B576,0xa38da54e8f4144da9e4caf5ad7089001
w00191,2025-09-09T07:51:04Z,wager,USDC,13.33,,0x7a98d9a8c62c4d2b84502dbc27f3f566
w00196,2025-09-09T08:10:00Z,wager,USDT,16.89,,0xbd0466e581a1480e9a600613bc0ed9d7
w00196,2025-09-09T08:26:00Z,bonus,USDT,21.44,B111,0xd1e1195195bf4bf8800407c839c2403b
w00196,2025-09-09T08:34:00Z,payout,USDT,9.18,,0x5d2bb25c1d704c9bb3106379a6e26802
w00383,2025-09-09T10:03:30Z,wager,USDT,20.28,,0x5a02408422df4149a22683c6b63e89b5
w00191,2025-09-09T10:31:04Z,wager,USDT,18.83,,0x87949bb2da254f919399ea22f7f222b4
w00383,2025-09-09T10:32:30Z,payout,USDT,10.83,,0x62f58819a4714c309118a2dc6361e03d
w00196,2025-09-09T10:34:00Z,wager,USDT,39.09,,0x6855ed0916504a39a041bd9264e958d5
w00191,2025-09-09T10:36:04Z,payout,USDT,13.99,,0x540f9c7422c7416a882a68e22672965b
w00196,2025-09-09T10:53:00Z,payout,USDT,31.24,,0xfa3abafd35b54b668cdee7128e001ba2
w00383,2025-09-09T10:53:30Z,bonus,USDT,17.96,B757,0x19c92161c5624cb5841957dcc3935941
w00196,2025-09-09T10:57:00Z,wager,USDT,5.29,,0xf771b9c602a54bccbe0dba87d403ff7e
w00121,2025-09-09T11:41:37Z,deposit,USDC,34.84,,0x7e5b9ed1f92a4769b129558691c1ad7e
w00383,2025-09-09T12:11:30Z,wager,USDC,4.61,,0x2549a5013d0f4d0c9025355c6b9b603d
w00383,2025-09-09T12:18:30Z,payout,USDC,2.73,,0xd086d1d2929147ed98617cd2a5925a16
w00134,2025-09-09T13:18:02Z,deposit,USDC,111.95,,0x5be5535a6e2a432cb8ec8cd09f430bd4
w00191,2025-09-09T13:51:04Z,wager,USDC,31.31,,0x8e7f487ae7e34f9ea8add89bfeecaec7
w00191,2025-09-09T14:12:04Z,payout,USDC,24.83,,0x9a53c90a821c49f7a853928d24a63159
w00121,2025-09-09T14:59:37Z,wager,USDC,60.18,,0x32f777d94a944b8ca1162cccdab39cd5
w00121,2025-09-09T15:10:37Z,payout,USDC,46.08,,0x5ce988322f6d46278da5abb3467d5782
w00383,2025-09-09T15:16:30Z,wager,USDT,22.35,,0x8575c54ed67f44819b7a398039a6a9dc
w00191,2025-09-09T15:17:04Z,wager,USDT,22.82,,0x1368d2b19d6744ea915b37acd8466d57
w00383,2025-09-09T15:30:30Z,payout,USDT,18.65,,0x0a8d7c9cb5d54a17b13352c1f1b64796
w00121,2025-09-09T15:36:37Z,bonus,USDC,21.61,B904,0x79dded0b273342d48b63d5b3fbd1fea5
w00191,2025-09-09T15:39:04Z,payout,USDT,18.28,,0x5c3a8388683a405da3d040c914d8d39b
w00121,2025-09-09T15:52:37Z,wager,USDT,17.48,,0xb22fa75c0ac74af1b8cd56d55061eba0
w00383,2025-09-09T16:04:30Z,bonus,USDT,6.33,B924,0x5429868390934e92acadf07850847741
w00121,2025-09-09T18:44:37Z,wager,USDC,65.12,,0x2363daccd98d4595ac43959292e80a8b
w00388,2025-09-09T19:09:28Z,deposit,USDT,102.96,,0xac9afcf819124fd5bb44cd438ffc09f2
w00121,2025-09-09T21:22:37Z,wager,USDC,21.15,,0xcf90cf73cabc4b3bacd82b505e2cd7ad
w00388,2025-09-09T21:53:28Z,wager,USDT,14.26,,0x4a96b226c0b140db9e8f0959ebd18788
w00388,2025-09-09T22:09:28Z,bonus,USDT,12.82,B541,0xf5823da14adf47fb9c7d1c4d972565df
w00388,2025-09-09T22:14:28Z,wager,USDT,42.41,,0xf6d4b0d03acd4e0fb7be4d9a6e5829d6
w00388,2025-09-09T22:17:28Z,payout,USDT,33.69,,0x7725667f69f14a8fa443930805809ea0
w00388,2025-09-09T22:20:28Z,payout,USDT,8.38,,0xf67da35bdef5491e930de78d4fad5080
w00121,2025-09-09T23:22:37Z,wager,USDT,32.47,,0x13fad4e421814c96892286833368e62f
w00121,2025-09-09T23:44:37Z,payout,USDT,30.63,,0xab60f7c326f74cc0b4c680f51313a4aa
w00008,2025-09-10T00:19:15Z,deposit,USDT,87.51,,0xc4736c0711e848ebb26d1320ed7eba98
w00008,2025-09-10T01:04:15Z,wager,USDT,7.89,,0x9be12887e5134c63b813cce2fdec8f61
w00121,2025-09-10T01:17:37Z,wager,USDC,21.43,,0x475a4e77759648b1bbf5b8b634692491
w00121,2025-09-10T01:25:37Z,payout,USDC,15.66,,0x17cee8b61dee49c793278974d5201bca
w00008,2025-09-10T01:28:15Z,payout,USDT,4.53,,0xfa901b79a11e4e71a57393d521739292
w00121,2025-09-10T01:41:37Z,bonus,USDC,15.83,B336,0x9a9ff1fb5e114478a1afd8aeb0963765
w00388,2025-09-10T02:08:28Z,wager,USDT,9.71,,0xf6b803d79f974ee99cc866d5bc88eb76
w00388,2025-09-10T02:29:28Z,payout,USDT,7.38,,0x1a6cb4e1753b4b4ba6c078d6e103ec32
w00121,2025-09-10T03:00:37Z,wager,USDT,69.56,,0x52b5df6031f14618b8b795c9d485ce25
w00121,2025-09-10T03:21:37Z,payout,USDT,41.6,,0x620d0f3f335f478a81490d764cd2d8f2
w00391,2025-09-10T13:58:34Z,deposit,USDC,80.31,,0x6b6cd7931c534008a3adbe807d9cbaba
w00391,2025-09-10T18:26:34Z,wager,USDT,39.94,,0xc86a26c705154372a20f26baba3c4001
w00201,2025-09-10T23:11:24Z,deposit,USDT,51.45,,0xd38c3117ae0c4ab8a7b22f218bd066f3
w00372,2025-09-11T02:56:53Z,deposit,USDT,100.27,,0x89b5801698614ca592856a12931a19b5
w00338,2025-09-11T05:07:29Z,deposit,USDC,100.23,,0x0b0ef78ae595476181cb27c51d850c39
w00372,2025-09-11T05:23:53Z,wager,USDC,18.25,,0xd57f34cfbc0c42c0be0110f925ad19bc
w00372,2025-09-11T05:32:53Z,payout,USDC,12.04,,0xf3c469e7fdbf4a03b195e5d0364bbf1d
w00372,2025-09-11T07:16:53Z,wager,USDT,14.43,,0x2b05d771a3da44c789c588a4b6eff662
w00372,2025-09-11T07:24:53Z,payout,USDT,7.88,,0xf8c165f22bbe45178cb70cec17392c41
w00372,2025-09-11T07:50:53Z,bonus,USDT,6.55,B208,0xb2961257cea94e6295babd920291ac9c
w00372,2025-09-11T07:55:53Z,wager,USDC,15.85,,0x950e2562f7f5421684ce91ef5ad8ba29
w00338,2025-09-11T08:02:29Z,wager,USDC,25.55,,0xb9c34d5bee0f4f5ab579a6478b0ea2c0
w00372,2025-09-11T08:16:53Z,payout,USDC,9.31,,0xd7ad11afa6e24d49968db78c0ed1220a
w00338,2025-09-11T08:19:29Z,payout,USDC,16.88,,0xd4a053fc97e84da4b66fc7a23e851397
w00372,2025-09-11T09:11:53Z,wager,USDT,33.08,,0x9c8d8a1644b6459b83b25cb3fb68fa53
w00372,2025-09-11T09:13:53Z,payout,USDT,29.32,,0x5675b09a0bab4de9994f58be99e4c415
w00338,2025-09-11T10:55:29Z,wager,USDC,16.94,,0xf1525c2f30474abfa3f1b0e03b27c5e1
w00338,2025-09-11T11:14:29Z,payout,USDC,10.38,,0x47ef7927a8d84a45b3338dd648bf687c
w00372,2025-09-11T11:49:53Z,wager,USDC,31.58,,0x99604ec15873423189d85ed0b694376d
w00372,2025-09-11T12:10:53Z,payout,USDC,22.03,,0xcc205b737fb645ce9ad1349691b3d26a
w00142,2025-09-11T12:47:27Z,deposit,USDT,54.47,,0x274a3d48c12d41009c56c33376a472e8
w00338,2025-09-11T14:08:29Z,wager,USDT,7.48,,0xaa1bfb95f1014d8b8b985050ff28ae51
w00142,2025-09-11T16:54:27Z,wager,USDC,26.53,,0x6a4af80e890e43e2a80c149d413de87a
w00142,2025-09-11T17:01:27Z,payout,USDC,22.93,,0xb1c7ce3f37814e2b913664c7acdd402d
w00239,2025-09-11T18:26:34Z,deposit,USDC,116.12,,0x63593b61c7094b00b0ee073cd0146dfb
w00142,2025-09-11T20:40:27Z,wager,USDT,29.6,,0x31b1d16a46e743f3b6bf53e3ece5cff6
w00239,2025-09-11T20:49:34Z,payout,USDT,53.29,,0xee31a7e0047f454ba1e5d90913608424
w00239,2025-09-11T20:49:34Z,wager,USDT,73.67,,0x52eae66daf0d4146b2dc0f47ff43d3bb
w00142,2025-09-11T20:54:27Z,payout,USDT,20.24,,0xcd1b6e3dbd364229b0cea277bba7dc3e
w00239,2025-09-11T22:13:34Z,wager,USDT,22.38,,0xef11e14a15df4e019231234a4cd01550
w00239,2025-09-12T00:45:34Z,wager,USDC,13.47,,0xc58922dd3ca1465999675b442ff7afa2
w00239,2025-09-12T01:05:34Z,payout,USDC,9.6,,0xa6787ffbc4f944b284218ad4afac3547
w00239,2025-09-12T03:28:34Z,wager,USDT,13.69,,0x6bceaa110c084eb9ac8840e6fe64d5dd
w00239,2025-09-12T03:41:34Z,payout,USDT,8.54,,0x0eb1231d5422430c890214216974e2c4
w00105,2025-09-12T05:01:18Z,deposit,USDT,98.91,,0xc4e38a6c0e2f497e9f9e56369ef6de94
w00239,2025-09-12T05:28:34Z,wager,USDC,14.52,,0xf4909393cde6453f98e3f40e732d876c
w00239,2025-09-12T05:43:34Z,payout,USDC,13.63,,0x84b7151f023d4ab5a6b8ece09aa0749d
w00171,2025-09-12T06:25:33Z,deposit,USDC,33.85,,0x29ce78ff840d43358824a043b8902d2a
w00105,2025-09-12T07:40:18Z,wager,USDT,35.73,,0xcbfbc5a2b0f9411b8b4d37e1919729f6
w00105,2025-09-12T08:09:18Z,payout,USDT,28.05,,0xa0b9a195cab14246a7fa8a8e191df425
w00171,2025-09-12T08:38:33Z,wager,USDC,22.41,,0xc15c9075da044077a951e0a84f9b3cc8
w00239,2025-09-12T08:53:34Z,wager,USDC,21.92,,0x770dd44771d54f2ea9831fe79b04d9f9
w00239,2025-09-12T09:01:34Z,payout,USDC,13.6,,0xa13f4d52f123480789f49090c2196cbf
w00171,2025-09-12T09:06:33Z,payout,USDC,14.54,,0x19f6a240e46d456390ec567f899fb318
w00171,2025-09-12T09:18:33Z,bonus,USDC,11.74,B961,0xa61d137c4d0345e3b5a3c3e917057dcf
w00105,2025-09-12T09:52:18Z,wager,USDT,20.19,,0x607514cfacfb46f7bb9c33b1ff6f3dce
w00105,2025-09-12T10:01:18Z,payout,USDT,12.97,,0x752058f21abc40b68a3741e5a7732324
w00105,2025-09-12T10:31:18Z,wager,USDC,62.86,,0x2fae9b3a893f45d0ad995fdb398d307e
w00105,2025-09-12T10:49:18Z,payout,USDC,51.62,,0xcc4a83a19fb844bb91a7485849099d61
w00171,2025-09-12T11:29:33Z,wager,USDT,9.12,,0x5915861579044a78aec69a0b2599b330
w00171,2025-09-12T11:53:33Z,payout,USDT,8.45,,0x2a207f7cfc564387b258be0571591d48
w00013,2025-09-12T12:15:55Z,deposit,USDT,71.09,,0xb41c01f3795d4025a38764a70ed78c7e
w00171,2025-09-12T12:33:33Z,wager,USDC,20.09,,0x31e43ebb2f7f49dd9960822592e3d040
w00105,2025-09-12T12:36:18Z,wager,USDC,20.38,,0x34b00cff128f45a383f9a9eeba9a8562
w00030,2025-09-12T12:45:27Z,deposit,USDT,173.0,,0x82243193daa041b380f628a3bd6e7db6
w00171,2025-09-12T13:00:33Z,payout,USDC,13.29,,0xc26d3badc0584bb293ac4bde4d76f746
w00105,2025-09-12T14:59:18Z,wager,USDC,56.61,,0xc0cb05dc30fa40248dbf74764bc767df
w00013,2025-09-12T16:29:55Z,wager,USDC,54.73,,0xee19fc2161b4452b8f78631ba87e8e2d
w00013,2025-09-12T16:33:55Z,payout,USDC,48.27,,0x02f57c448a534d759bd3acd1d34333d0
w00030,2025-09-12T17:31:27Z,wager,USDT,49.97,,0x6701377c2f2542ed868e3f0ce937bb47
w00030,2025-09-12T17:50:27Z,payout,USDT,43.19,,0xd789683f45a8474d9b19ff5bea1c44c3
w00013,2025-09-12T18:12:55Z,wager,USDT,77.23,,0x277823ad9377432a9e03b112c7a11c34
w00013,2025-09-12T18:26:55Z,payout,USDT,40.02,,0x0b596053e5f24356a8a249c08a4e6d47
w00013,2025-09-12T18:27:55Z,wager,USDT,34.35,,0x3344cec34a2b438a80f8404be92672bd
w00105,2025-09-12T18:44:18Z,wager,USDC,15.02,,0xd541f94c01a8470baf9f9a7c07081672
w00105,2025-09-12T18:44:18Z,payout,USDC,9.08,,0x0a72aa03057647469a781cb8ffe570b3
w00141,2025-09-12T19:32:31Z,deposit,USDC,129.39,,0xa2657ad5cf84458290228c4dfdb4ed40
w00030,2025-09-12T20:12:27Z,wager,USDC,12.89,,0x5c2d9e2d4e734b608d81bfcd3779dd9d
w00030,2025-09-12T20:18:27Z,payout,USDC,8.75,,0x72d38c2ca8274b119e2a44556128f56f
w00013,2025-09-12T21:26:55Z,wager,USDT,24.4,,0xcc9be457d700411fadba8d57d7d9cdac
w00013,2025-09-12T21:32:55Z,payout,USDT,12.55,,0x059b9a5469054642a2c979ff6fc655cf
w00030,2025-09-12T21:34:27Z,wager,USDC,37.77,,0x5470a95fe840447aa649d64e029f945d
w00013,2025-09-12T22:18:55Z,wager,USDC,13.79,,0x48bfe85d20b14a5fb4e9814434f3a7a5
w00096,2025-09-12T23:33:05Z,deposit,USDC,82.1,,0xd79ae6fa1e69460198ec61629e64f626
w00183,2025-09-13T03:22:54Z,deposit,USDT,148.22,,0x524649f5adb34376ba64277e84c9bf4d
w00292,2025-09-13T06:29:04Z,deposit,USDC,157.17,,0x2fdc3c3fda1446dfb0c3a6d0425a7390
w00315,2025-09-13T08:56:14Z,deposit,USDC,78.98,,0xc1011ae8263f40db93f1900b71347b47
w00315,2025-09-13T10:56:14Z,wager,USDT,21.37,,0x58e6191350b5483a828170d0a63b50c1
w00315,2025-09-13T11:23:14Z,payout,USDT,19.25,,0x72a3b6e0fca94cb296958404445d01b3
w00315,2025-09-13T11:49:14Z,wager,USDT,38.86,,0xa2ca35c0826f4d27bd8f3d2d8d563817
w00315,2025-09-13T11:52:14Z,bonus,USDT,5.86,B624,0x85a5bf4bc9e34b478548aba22a8174ac
w00315,2025-09-13T12:33:14Z,wager,USDC,40.97,,0x4cc7af8da209417d9dfbe590e4f8e581
w00315,2025-09-13T12:42:14Z,payout,USDC,22.33,,0x83abd9a275704fc0811f1c646272e2f7
w00198,2025-09-13T13:50:21Z,deposit,USDC,57.42,,0x4436a49da413435d9bacaffac7da7483
w00315,2025-09-13T15:06:14Z,wager,USDT,23.1,,0x5de1a6fa72194a888afb27bd74f243b6
w00315,2025-09-13T15:11:14Z,payout,USDT,19.2,,0x87ac7f1ce35445c989300e464882bb7f
w00315,2025-09-13T15:23:14Z,wager,USDT,13.52,,0x95516321da6b4b0cbafc560d6e5a2faa
w00315,2025-09-13T15:42:14Z,payout,USDT,12.27,,0xea7dcb349ffc421c947421e837124cea
w00198,2025-09-13T17:47:21Z,wager,USDT,28.53,,0x43b3f0f6a5e64dd2a49d496ca09a462e
w00198,2025-09-13T18:17:21Z,wager,USDC,46.81,,0x06dd696abe7447479b8ae6e037e506f0
w00198,2025-09-13T18:22:21Z,payout,USDC,34.38,,0x0eb692cad8024f2888375122218febcb
w00114,2025-09-13T18:34:41Z,deposit,USDT,96.44,,0x9783e542cac94904937d4d2aecc12733
w00198,2025-09-13T18:49:21Z,wager,USDC,47.91,,0xae1b335de97543a5bd915180b3bbd22f
w00198,2025-09-13T19:04:21Z,payout,USDC,26.71,,0x22116117863a4bfa83fca4dd2f6f7ea2
w00315,2025-09-13T19:11:14Z,wager,USDC,26.75,,0x2477efdf2c4f4e7e933ba4afb7a17205
w00315,2025-09-13T19:36:14Z,payout,USDC,13.88,,0x0def689c35ee4418891385b0129f03d1
w00149,2025-09-13T19:46:01Z,deposit,USDC,54.97,,0x03ec53260d774303aabed8fde9b8fff7
w00315,2025-09-13T20:05:14Z,bonus,USDC,18.55,B951,0xd3f8e4cc5f8b4b26aa5a720b17401f0d
w00114,2025-09-13T20:41:41Z,wager,USDC,10.47,,0x7de2d896e01a4fa58698b9cf94c41706
w00114,2025-09-13T21:00:41Z,payout,USDC,6.81,,0x075bcd80c3e24fd4836b31e517ae5519
w00114,2025-09-13T21:16:41Z,wager,USDC,37.82,,0xe1259981025b417aba7add420ae32aba
w00114,2025-09-13T21:40:41Z,payout,USDC,25.69,,0x5a8e54827d7945019d16b5ee2fd03cde
w00198,2025-09-13T22:13:21Z,wager,USDC,16.77,,0xdaf852e9330b4933a0d8a58d590b485e
w00198,2025-09-13T22:14:21Z,payout,USDC,14.29,,0xd95a4c4bd0e049fdb9c89500692e361c
w00114,2025-09-13T22:46:41Z,wager,USDC,68.25,,0xe84820a42e5049ae87d2fe1c5f21b693
w00114,2025-09-13T22:47:41Z,payout,USDC,62.38,,0x8aa1fee6d2d24d8cb7ba9d298470043f
w00114,2025-09-13T23:19:41Z,bonus,USDC,14.31,B574,0x6a99a4f76821427ba72576cec57a1b6b
w00249,2025-09-14T01:08:17Z,deposit,USDC,89.12,,0x84e16ffcfb5e4af3b99f79ef9007d553
w00114,2025-09-14T01:53:41Z,wager,USDT,30.35,,0x3cab6d76751e44ad8202b3045345e2b8
w00114,2025-09-14T02:11:41Z,payout,USDT,21.35,,0xfcc1f7a44d6b49c3a4ca4373253cc301
w00114,2025-09-14T04:55:41Z,wager,USDC,46.66,,0x2de92fe80d6e4ac892d460796f6b5d6a
w00114,2025-09-14T05:01:41Z,payout,USDC,27.03,,0x79270aa0bff145fc95b42c75e699df82
w00114,2025-09-14T05:18:41Z,bonus,USDC,8.31,B600,0x633b241532da4c319841bf9d90f40e3c
w00279,2025-09-14T06:59:29Z,deposit,USDT,108.42,,0x7f76f5b31cf14b39bbea22d40f21321a
w00046,2025-09-14T07:48:42Z,deposit,USDT,55.81,,0xd5bc6104641940feaa59c4f6bc0de48d
w00288,2025-09-14T08:17:45Z,deposit,USDT,45.0,,0x8afd0572556f462398ce8b47da291228
w00114,2025-09-14T08:50:41Z,wager,USDC,56.1,,0x3f3165e3ef0646e98beda65691513917
w00279,2025-09-14T09:15:29Z,wager,USDC,79.2,,0x3758f8b755ec4d3c802c9dd29a690641
w00114,2025-09-14T09:17:41Z,payout,USDC,44.01,,0xd884e42e41724295ae5a5c5905c19b3d
w00279,2025-09-14T09:40:29Z,payout,USDC,73.64,,0x753918c8e7db43c890a2177acbef513f
w00114,2025-09-14T10:44:41Z,wager,USDT,16.63,,0x9d65d4327e1b498fbcbb465ef549a608
w00151,2025-09-14T10:57:36Z,deposit,USDC,127.97,,0x89fa3416b91441b7b089bfc3b3edecd3
w00151,2025-09-14T11:34:36Z,wager,USDT,90.72,,0x9804d36a79124fcfa48167bf5109b8d6
w00041,2025-09-14T12:19:37Z,deposit,USDT,96.53,,0x96e57a95ffcf44b1b50aef9c45e94af0
w00151,2025-09-14T12:32:36Z,wager,USDC,81.11,,0x1b0d01b4291c4dddbddb590d9138f1e8
w00151,2025-09-14T12:33:36Z,payout,USDC,40.59,,0x04f6498c49194a8a894923e12da5cf7a
w00065,2025-09-14T14:56:34Z,deposit,USDT,44.57,,0x82f42c6c0f5942579b6ddbac3837f4d8
w00151,2025-09-14T15:26:36Z,wager,USDC,25.89,,0x60289142ee0f4212aa27a65a3f4fb46c
w00151,2025-09-14T15:29:36Z,payout,USDC,18.4,,0x22559de0e1d54854aa8e923f663a25f5
w00151,2025-09-14T16:06:36Z,bonus,USDC,13.52,B496,0xde1c6f734bd24b93a5807ef5d27e74b0
w00088,2025-09-14T17:24:11Z,deposit,USDT,24.63,,0x4cc511ffcf914d9b93b33d32be42414d
w00151,2025-09-14T18:03:36Z,wager,USDT,36.89,,0x515a95b60cc744d38e4f21b0a0c749db
w00151,2025-09-14T18:04:36Z,payout,USDT,23.4,,0xb5dbb87cf3d34bf18fc95eb6e81a361a
w00151,2025-09-14T18:24:36Z,bonus,USDT,20.46,B183,0x818936bbfff44e8c886c8e49e14dab56
w00088,2025-09-14T19:19:11Z,wager,USDT,49.74,,0x08a3562103b3455293114c25aeb19aa4
w00268,2025-09-14T19:19:27Z,deposit,USDC,114.71,,0xecc80ac3f76e4467a29f2a0d74a0eb8c
w00088,2025-09-14T19:31:11Z,payout,USDT,36.78,,0xd230982f52e8403fbda14d8839262fea
w00088,2025-09-14T19:37:11Z,wager,USDC,37.7,,0x9d07269d5ccc42e4a4b95e39807b6547
w00088,2025-09-14T19:52:11Z,wager,USDC,78.78,,0xb3002d5a97ba46b48a6387b5aa0a7ac6
w00242,2025-09-14T20:08:07Z,deposit,USDT,39.36,,0x092b93578517484188e64916c84efb9f
w00065,2025-09-14T20:10:34Z,wager,USDC,11.59,,0xd0941162795c470f9c8b8ae7254d6426
w00088,2025-09-14T20:14:11Z,payout,USDC,43.11,,0x6463dee26aa447fda4295eafa09359d0
w00065,2025-09-14T20:25:34Z,payout,USDC,10.73,,0xeb771a6b8040477f865beafacde349f0
w00268,2025-09-14T21:57:27Z,wager,USDC,27.86,,0x5fe07755ca204a13b71fe79564a0e7af
w00268,2025-09-14T22:19:27Z,payout,USDC,17.75,,0x0bdf892062414fff90e573f96b7babfb
w00210,2025-09-14T23:36:03Z,deposit,USDT,70.84,,0x0a53093cc49d483398b1b14e929f364d
w00065,2025-09-14T23:53:34Z,wager,USDC,16.62,,0xec289a1d12024be7bdb4f4ef56b7a7a6
w00065,2025-09-14T23:55:34Z,payout,USDC,8.73,,0xf4d65d994f84464aadb6033f32901353
w00268,2025-09-14T23:58:27Z,wager,USDC,30.21,,0x6637cd4bdd684caa92d99979896e741b
w00268,2025-09-15T00:12:27Z,payout,USDC,18.93,,0x4fb41d27384847308101473b01f1806b
w00210,2025-09-15T01:04:03Z,wager,USDT,9.62,,0xac9cb86140cc48b2be01c2dd48cb30d6
w00242,2025-09-15T01:13:07Z,wager,USDC,28.67,,0x15cd07bcac34434ebb3ea63e7e7f9e59
w00210,2025-09-15T01:26:03Z,payout,USDT,6.1,,0x65d64a49968348079737139a7b79949a
w00242,2025-09-15T01:30:07Z,payout,USDC,15.81,,0xfa5ae030c42140a3bace7856033ed38f
w00210,2025-09-15T02:17:03Z,wager,USDC,18.27,,0xe716bf8d61d24ff5872bbd393e538503
w00210,2025-09-15T02:30:03Z,payout,USDC,15.57,,0x24f6de17284d470a996ff2ba0e98efb2
w00268,2025-09-15T02:59:27Z,wager,USDT,9.68,,0xf18efea0065744b5afb8488b8b3cb72e
w00268,2025-09-15T03:06:27Z,payout,USDT,7.2,,0xb51d4e35396f46df880cb74b92418e00
w00242,2025-09-15T03:10:07Z,wager,USDT,34.59,,0xb87db5c8a360404895fd5b91bfaa4dd6
w00242,2025-09-15T03:19:07Z,payout,USDT,20.8,,0xf0737c2b270f4077b057f27a3c9260aa
w00065,2025-09-15T03:28:34Z,wager,USDC,26.95,,0x4e17bde344fc44d5aeaa1431583dac1d
w00065,2025-09-15T03:38:34Z,payout,USDC,20.1,,0x4ca76e8f120a465e99f39ea4a026b89f
w00242,2025-09-15T03:43:07Z,wager,USDT,32.61,,0x31928e9e0d924fd2916b812de7ae53df
w00242,2025-09-15T04:16:07Z,bonus,USDT,15.47,B672,0x120542b0b2bd45ec8882f592df7b4fc1
w00263,2025-09-15T04:57:50Z,deposit,USDC,42.32,,0xf16f99aa28e443d3bba82a8755e02e19
w00263,2025-09-15T06:17:50Z,wager,USDT,15.06,,0xa211b01fac2a431abaf8a23badfe7b05
w00268,2025-09-15T06:28:27Z,wager,USDT,22.57,,0xe5fc1de1399542a38c56c8ebb07d64b1
w00263,2025-09-15T06:42:50Z,payout,USDT,9.8,,0xdd14c1412ff54ecc82257adc50eb3b40
w00379,2025-09-15T08:49:04Z,deposit,USDT,177.56,,0xbcd61917ad74468dbc788ba865781a8e
w00263,2025-09-15T09:55:50Z,wager,USDT,19.69,,0x63f1507bbe1742c0a656f4e7b1f7167c
w00263,2025-09-15T13:05:50Z,wager,USDC,21.95,,0x191d415f4a514a399011beb265d9dd3d
w00263,2025-09-15T13:07:50Z,payout,USDC,18.08,,0x503ed76a97684cb793bab89f1f33eac9
w00263,2025-09-15T16:00:50Z,wager,USDT,20.61,,0x5142b76a9e7e4e09892a1e0159af886a
w00263,2025-09-15T16:10:50Z,payout,USDT,12.08,,0xca5e4147f68047be83fed3e9596a13e2
w00263,2025-09-15T19:05:50Z,wager,USDC,14.22,,0x1e31ed839f684d22ba515f145767f30e
w00263,2025-09-15T19:26:50Z,payout,USDC,9.9,,0xb96de30b5db1486d8a739e6171233cdb
w00330,2025-09-15T20:12:43Z,deposit,USDC,90.76,,0xf8c0447235ff4d1c8cd1c702a1c4cc59
w00209,2025-09-15T20:32:31Z,deposit,USDC,33.74,,0x2ba28ea2ca584f3cbd5ff51969e9a417
w00263,2025-09-15T20:39:50Z,wager,USDC,47.32,,0x3ffe964701864fd5ad8c219d978e925d
w00263,2025-09-15T20:41:50Z,payout,USDC,44.51,,0x373ba7350a884391b35c2cb1e666b9dd
w00263,2025-09-15T20:54:50Z,bonus,USDC,5.62,B992,0x14bffde8232846349737879cabc48812
w00330,2025-09-15T23:52:43Z,wager,USDT,59.16,,0x8f1cd0257bb44a5b9099b1a9bcc1860d
w00330,2025-09-16T00:11:43Z,payout,USDT,29.79,,0x7bbfe9ced5804c168e02b6235587b581
w00330,2025-09-16T01:37:43Z,wager,USDT,59.13,,0x06067e0e6f814e71afe91b6e57dbb759
w00330,2025-09-16T01:58:43Z,payout,USDT,41.48,,0x77855adf1ca148d5b611b98b174d1b8b
w00330,2025-09-16T02:03:43Z,bonus,USDT,13.31,B521,0xe236c7cf425e4bbfa57dbfd040fdf72e
w00330,2025-09-16T03:39:43Z,wager,USDT,16.62,,0x8921654f52524ea7ab3da53e5e6c386c
w00330,2025-09-16T03:43:43Z,payout,USDT,13.39,,0x40e030328f3941d39e6313a7b83b1832
w00330,2025-09-16T05:53:43Z,wager,USDC,65.14,,0xffdecd9ce00a4bbbbb9381f06048e336
w00330,2025-09-16T05:56:43Z,wager,USDC,24.07,,0xdb60bfe7a7024c68be6e01aa58d7cfbf
w00330,2025-09-16T06:02:43Z,bonus,USDC,20.22,B689,0xb8ae3e13cf5744b0ae7ad2fdbe6e6f3f
w00330,2025-09-16T06:04:43Z,wager,USDC,10.81,,0x24955479e54844f78bf16a8a42abb403
w00330,2025-09-16T06:14:43Z,payout,USDC,6.42,,0x90512247c5e44604a597c1f72936947b
w00330,2025-09-16T06:14:43Z,payout,USDC,40.62,,0xecae441348cb488482e770b32481add7
w00330,2025-09-16T06:24:43Z,payout,USDC,13.83,,0x156f17aeeccf4ec5b73a553ba0cd9158
w00330,2025-09-16T06:51:43Z,bonus,USDC,18.49,B820,0x515d06ca183c4878aa32d70263d60478
w00058,2025-09-16T06:57:33Z,deposit,USDC,92.86,,0x0aab1fa775924b5bbb16361cde7f17cf
w00330,2025-09-16T07:39:43Z,wager,USDC,27.31,,0x54509a9d151e4e8fbf32aa0fb24ba735
w00330,2025-09-16T07:44:43Z,payout,USDC,16.63,,0xeba50ce874264b9fadfd5fac3318611d
w00058,2025-09-16T10:39:33Z,wager,USDC,28.47,,0xbddeac48fa8e4cc0ba309db74d0cb242
w00058,2025-09-16T10:50:33Z,payout,USDC,24.5,,0xbe5348705b4144929486c20b9892e8f4
w00058,2025-09-16T13:37:33Z,wager,USDC,20.7,,0x8935d982594a4fc08cb6eb9336609c61
w00058,2025-09-16T13:37:33Z,payout,USDC,15.69,,0x8fe222cd000e440d9604d344443d88a5
w00058,2025-09-16T15:18:33Z,wager,USDC,120.68,,0x8da24e9e59d64a69878462cbc5e97164
w00058,2025-09-16T15:18:33Z,payout,USDC,94.33,,0x9d66d13bc8f24190ae0fab977205ec8f
w00343,2025-09-16T16:04:32Z,deposit,USDC,20.04,,0xc24add8824374ba18f6a35ea648d1ef6
w00058,2025-09-16T17:59:33Z,wager,USDC,6.91,,0x0077050dd81145c8b43f21e1f8bf659f
w00058,2025-09-16T18:09:33Z,payout,USDC,5.48,,0x87590b9e91b14fe4bf3615d4b74ecce4
w00058,2025-09-16T19:20:33Z,wager,USDT,33.01,,0xf8e95e35a1b64c2495d9a3ced8353d3a
w00343,2025-09-16T19:56:32Z,wager,USDC,31.16,,0x619d7c922e104298ab1efdbd00a06935
w00343,2025-09-16T19:57:32Z,payout,USDC,20.24,,0x822d53177ac44127b84d9036a1096782
w00343,2025-09-16T20:00:32Z,wager,USDT,17.17,,0x93b5b228671a47fa96e5edffef4a64a3
w00058,2025-09-16T20:50:33Z,wager,USDC,17.53,,0xa657d242cfb44373a932c0f253cf5331
w00343,2025-09-16T21:07:32Z,wager,USDC,63.39,,0xad5b6fb053914af4a1aced38766ce5e5
w00058,2025-09-16T22:20:33Z,wager,USDC,50.37,,0xe24e3d462d764b72bbfdd53515602902
w00058,2025-09-16T22:38:33Z,payout,USDC,32.91,,0xa181e0b3a9854b1fa7f90eb623d35ca2
w00095,2025-09-17T01:17:32Z,deposit,USDC,97.84,,0x6e44cd9d449d44a5b42c731a823c20d5
w00095,2025-09-17T04:43:32Z,wager,USDT,20.05,,0x6f6edb4407f6488e9f404e5170a5c394
w00095,2025-09-17T06:41:32Z,wager,USDC,38.33,,0xbdafa202c28b4f41a683d0a485b7184d
w00095,2025-09-17T07:13:32Z,bonus,USDC,19.22,B823,0x09295c51cd5a429183e1cdb64a6db223
w00353,2025-09-17T14:00:21Z,deposit,USDT,63.34,,0xc01644317c3247a6901df928363e5c59
w00353,2025-09-17T14:23:21Z,wager,USDT,56.71,,0x4e006cffd1334118b5aa291679692ead
w00353,2025-09-17T14:41:21Z,payout,USDT,50.59,,0xe3d870a7757e45378fe37c65a82f6129
w00153,2025-09-17T18:58:44Z,deposit,USDT,151.7,,0x16bda4559c79484ca023c62771842833
w00187,2025-09-18T08:29:42Z,deposit,USDT,130.94,,0x923f30020ef444ea8b67de6aa790b326
w00187,2025-09-18T10:27:42Z,wager,USDT,21.96,,0xb770ca49c517419ab46412312ccf9ce0
w00187,2025-09-18T10:44:42Z,payout,USDT,18.69,,0x1a03d7839a714b4682c2b812b9c68f06
w00187,2025-09-18T11:26:42Z,bonus,USDT,19.64,B711,0xf7c17fa95daa4808ad988d459e99f8db
w00155,2025-09-18T18:13:07Z,deposit,USDT,46.13,,0xd12d5e66512f4f16acf92ddd127ac64d
w00312,2025-09-18T19:21:11Z,deposit,USDC,77.9,,0x757c58c01e6a4583b09acdafc7e19738
w00181,2025-09-18T20:27:58Z,deposit,USDC,116.55,,0x860d3d6f9706430b81cf356467284663
w00181,2025-09-18T21:08:58Z,wager,USDT,24.24,,0xccb5c139d9ec4ef9ae91a013b3a3c42b
w00181,2025-09-18T21:26:58Z,payout,USDT,19.26,,0x82f775c50c504368a97933861aee5559
w00348,2025-09-18T22:17:16Z,deposit,USDT,37.03,,0x009a21242b704b6192c9e74d74db654c
w00155,2025-09-18T22:35:07Z,wager,USDT,84.2,,0x1f98ee810077482ba87eee1988275ee0
w00155,2025-09-18T22:47:07Z,payout,USDT,53.15,,0xa4f7041cf3484a809482620e6c671d06
w00181,2025-09-18T23:13:58Z,wager,USDC,15.99,,0x43e562d007f94f7493bb257acf9bd7d7
w00181,2025-09-18T23:33:58Z,payout,USDC,12.44,,0xa23a1e5aa2a94fd1a56e5209e8452787
w00181,2025-09-19T00:05:58Z,wager,USDT,22.28,,0xa78f0eef12de4618a3355671f7fd0b3d
w00181,2025-09-19T00:33:58Z,payout,USDT,17.86,,0x937d26fdf30a41db845a61a2530b0c11
w00348,2025-09-19T00:37:16Z,wager,USDT,19.59,,0x55c89be104774ca3a74d08071330db53
w00155,2025-09-19T01:34:07Z,wager,USDC,32.48,,0xdcedd95c191b4419bf295715fac35572
w00348,2025-09-19T01:36:16Z,wager,USDT,91.58,,0x63661e1fd5644e149a17689210ac0abe
w00348,2025-09-19T01:45:16Z,payout,USDT,62.87,,0xd909e2a05d634116b00a53148d2cc6d4
w00155,2025-09-19T01:50:07Z,payout,USDC,17.77,,0xd35fd5c5b7d44dcf9f9b2401cc04c8da
w00102,2025-09-19T02:17:17Z,deposit,USDC,92.37,,0x6334de48f2014c2f921a5c8e6fccadff
w00181,2025-09-19T02:29:58Z,wager,USDC,30.75,,0x306cd06d90e34f70bac31b34a0fa561a
w00155,2025-09-19T02:50:07Z,wager,USDT,37.65,,0x64fa0bf2aae345dea484e48ba3a471e9
w00181,2025-09-19T02:58:58Z,payout,USDC,16.62,,0x6f09e48386aa404e9910358cc4114b39
w00155,2025-09-19T03:04:07Z,payout,USDT,35.54,,0xcd0c9f7df04b47de8433a7976a9aff05
w00181,2025-09-19T04:55:58Z,wager,USDT,71.84,,0x8a3a6e9b56064756921d918ab4345f2d
w00348,2025-09-19T04:58:16Z,wager,USDT,53.8,,0x9acca89d03bf4b90924de0f10be94222
w00348,2025-09-19T04:59:16Z,payout,USDT,27.4,,0x09f1a41049a04657b8d80e25e6791db8
w00181,2025-09-19T05:07:58Z,payout,USDT,48.85,,0x9068bb0b22e34767b70325e5c4fe62f8
w00155,2025-09-19T05:18:07Z,wager,USDC,145.68,,0xba75bd4f32a54b1da4616046e28f11b1
w00155,2025-09-19T05:25:07Z,payout,USDC,95.52,,0x25eeeacf7f164861a266345158ac333f
w00348,2025-09-19T07:17:16Z,wager,USDC,36.34,,0x6bbae2c6459e45418f144b7afb20a445
w00348,2025-09-19T07:34:16Z,wager,USDC,72.32,,0xb828ade387fa43a69b5e840e6132b456
w00348,2025-09-19T07:38:16Z,payout,USDC,28.45,,0x195bb51491bf467cbfef09c477911452
w00348,2025-09-19T07:53:16Z,payout,USDC,55.74,,0xabe85e7248384d2bbed45589556967f5
w00155,2025-09-19T07:58:07Z,wager,USDC,26.69,,0x3b636940a8564ad58ed384e34e227def
w00155,2025-09-19T07:58:07Z,payout,USDC,24.65,,0x64fbc184ee784329b5682e02889a5c03
w00348,2025-09-19T09:15:16Z,wager,USDC,14.19,,0xb107679d87d6433783bb91108f6b9ab0
w00348,2025-09-19T09:15:16Z,payout,USDC,7.75,,0xffa6ecb7613b4e248437a8faea70497e
w00155,2025-09-19T11:23:07Z,wager,USDT,14.68,,0xb3dde012e19442a29249d5779dddbc24
w00155,2025-09-19T11:35:07Z,payout,USDT,7.89,,0x827953284bb8491fb11240b9b8a1b179
w00155,2025-09-19T13:19:07Z,wager,USDT,27.84,,0x705df38e88c84f0781534c89672b2597
w00155,2025-09-19T13:25:07Z,payout,USDT,18.4,,0x4168d8f124624bedbbbb851aafb61b7e
w00173,2025-09-19T14:54:08Z,deposit,USDC,71.11,,0xdd3eee66f8a54cf586dd4512e35e9b05
w00173,2025-09-19T15:52:08Z,wager,USDT,26.42,,0xab61b9fdd5894662a8b3d7e6e083c864
w00173,2025-09-19T15:52:08Z,payout,USDT,13.82,,0x4c760c61930e4b8b82ae241173b9a5be
w00218,2025-09-19T16:46:34Z,deposit,USDC,121.27,,0xc3f0d911ecea4f8c94d3d61c64d94a14
w00173,2025-09-19T16:51:08Z,wager,USDT,24.74,,0xd0a5bc738b054914bbea24c04868088d
w00252,2025-09-19T16:58:29Z,deposit,USDC,125.42,,0xc3dc38d06b1a4d3887a440bade346f69
w00173,2025-09-19T17:07:08Z,payout,USDT,15.89,,0x341f87510e0e4f6da3e8195d23237501
w00173,2025-09-19T19:50:08Z,wager,USDC,13.14,,0xb3052a0baf734cff9d89fb55b3f54408
w00173,2025-09-19T19:59:08Z,payout,USDC,6.82,,0xe2d4646834c845bcaae4c1a0bbb4ed72
w00173,2025-09-19T20:33:08Z,wager,USDC,19.36,,0x84d6c6162b1f4842b2be4c46a35f3368
w00173,2025-09-19T20:57:08Z,payout,USDC,9.83,,0xee7ced469f064659bb595eae9b2c920b
w00218,2025-09-19T21:14:34Z,wager,USDT,15.96,,0x25c91c3c82034cb4b410dba21ebef6d9
w00218,2025-09-19T21:16:34Z,payout,USDT,12.77,,0x221914016cb74002853a5b429ab3effc
w00173,2025-09-19T21:23:08Z,wager,USDT,4.86,,0xe885a559e13249b78fc092baf3c5d38a
w00173,2025-09-19T21:29:08Z,payout,USDT,4.56,,0x347fa5dd351b4b059a5f87e9a0f73d02
w00173,2025-09-20T00:21:08Z,wager,USDC,54.52,,0x8e824e4121be4e91a6ab5c7fbba34964
w00173,2025-09-20T00:26:08Z,payout,USDC,35.67,,0x93469ed7be9845e4bdaef49bf95eeb42
w00173,2025-09-20T01:05:08Z,bonus,USDC,7.79,B483,0x7f817afcc3234fe5a54612a770a4a6f2
w00173,2025-09-20T01:13:08Z,wager,USDT,3.57,,0x23c159a75b24404eb76beb474dd8ba0c
w00223,2025-09-20T07:45:22Z,deposit,USDC,154.33,,0x3219ee01af67443ba4af3057553bb656
w00129,2025-09-20T08:21:38Z,deposit,USDT,120.65,,0xdbbb9a057f6341c08c17722fbda7d1ce
w00129,2025-09-20T09:40:38Z,wager,USDT,17.88,,0x67ec400488c2401b9e8ab8b68ce0b385
w00092,2025-09-20T09:41:35Z,deposit,USDC,34.41,,0x5592aa29616a48519b633f962f1a9e20
w00129,2025-09-20T10:02:38Z,payout,USDT,16.59,,0x19e0b8a834384a34ae10d0078c0236a1
w00380,2025-09-20T11:08:27Z,deposit,USDT,125.47,,0xb29f97c2917f4cc3a5ba442c6a781166
w00092,2025-09-20T11:12:35Z,wager,USDC,12.24,,0xcb9654e6c0fd4ea99efc7abecfa1c4c1
w00092,2025-09-20T11:35:35Z,payout,USDC,9.26,,0x4d816cf2ae7c4ce3850acd769c1180fe
w00092,2025-09-20T13:13:35Z,wager,USDC,6.33,,0xa70065a51fe2465eac7df50bbb6ce73b
w00092,2025-09-20T13:34:35Z,wager,USDT,26.71,,0x3e63d716c8414808854f22034df2d8ab
w00092,2025-09-20T13:34:35Z,payout,USDC,3.84,,0xc8eaad9c0db74026ae28e78518b87ec0
w00092,2025-09-20T13:56:35Z,payout,USDT,15.19,,0x0779b6fb92e9456dbc10633a810e9dd6
w00380,2025-09-20T14:52:27Z,wager,USDT,25.29,,0x1f283998d572407fbeabd3ef4a7ff240
w00380,2025-09-20T15:00:27Z,payout,USDT,16.44,,0xbdf862a8083d491c8e59ac2e1fd1e6fa
w00092,2025-09-20T16:44:35Z,wager,USDC,62.31,,0xc43183fcd05649dbae1e952033985c9b
w00097,2025-09-20T16:50:35Z,deposit,USDC,173.21,,0x4e3be75c7578408e8ce2c368a0f10ea6
w00092,2025-09-20T17:07:35Z,payout,USDC,39.15,,0xd0ecab2ff25842a5883b8a572390424b
w00251,2025-09-20T18:01:11Z,deposit,USDC,51.75,,0x2bf973b69d234380a523cb956b52bba5
w00097,2025-09-20T20:27:35Z,wager,USDT,23.35,,0x1553ee1c107c4e93bd52ab73790b7713
w00320,2025-09-20T20:44:13Z,deposit,USDT,91.77,,0x46918cab1d384bd28010fb1f2be07f99
w00251,2025-09-20T22:07:11Z,wager,USDC,3.93,,0x8a1f787e592a47118b4dea1b7e3ebf2c
w00251,2025-09-20T22:13:11Z,payout,USDC,3.37,,0x885d6722357245ebbe043311997f71f3
w00392,2025-09-21T01:01:12Z,deposit,USDT,68.51,,0x84afcbb647ad4454b3e5079e83ed8cc3
w00392,2025-09-21T03:50:12Z,wager,USDT,66.9,,0x7629b3cc55fe4d84838d21254247e807
w00392,2025-09-21T04:11:12Z,payout,USDT,51.37,,0xfa9754764fa04dc294089186749c0247
w00392,2025-09-21T05:49:12Z,wager,USDT,24.3,,0xedbdc56fb0204e4b98f67c8294d9784b
w00392,2025-09-21T06:08:12Z,payout,USDT,14.2,,0x5c82a141993d4960ac479da9c1f6d5df
w00392,2025-09-21T07:30:12Z,wager,USDT,67.75,,0x74ef280481b84fe28da875aa4cae21ab
w00392,2025-09-21T07:30:12Z,payout,USDT,56.67,,0x8b62b701c8f14864a6571dba9e273351
w00390,2025-09-21T08:22:18Z,deposit,USDC,95.14,,0x1df2b7498cbb492fa583133858df4fe0
w00392,2025-09-21T08:33:12Z,wager,USDC,19.65,,0x06b4c2ec19eb48d5a5fb04c46716750d
w00392,2025-09-21T09:01:12Z,payout,USDC,12.16,,0xd8e63bdddda94db4987d0dd6d45fc777
w00390,2025-09-21T10:03:18Z,wager,USDC,55.78,,0x3e722f3474714f0c9462ce346a7caade
w00390,2025-09-21T10:05:18Z,payout,USDC,41.28,,0x28b9d89327d64e83a155d60a75c1e001
w00392,2025-09-21T11:02:12Z,wager,USDC,25.88,,0xdc879a72f0d24a58af6bab75daff9455
w00392,2025-09-21T11:16:12Z,payout,USDC,23.29,,0xedda041798d4427791e65c474688c93d
w00392,2025-09-21T11:47:12Z,bonus,USDC,16.15,B219,0x7e21254773c44e78a96fb97cecef6343
w00116,2025-09-21T11:57:47Z,deposit,USDT,129.6,,0x08c746ffcf5b48aaaf1bab4715d35134
w00392,2025-09-21T11:58:12Z,wager,USDT,11.42,,0x78a8f2e4423f4c83bb0230aef868f660
w00392,2025-09-21T12:21:12Z,payout,USDT,6.74,,0x78d5b5d2629d40319ab791ed96e58021
w00116,2025-09-21T12:29:47Z,wager,USDT,33.52,,0xf17fa0409aca48ec83a5cf1f4b110a2b
w00392,2025-09-21T12:37:12Z,bonus,USDT,11.51,B554,0x78f8c5ccd05c429bbc031943b8487042
w00116,2025-09-21T12:43:47Z,payout,USDT,28.46,,0x0d46286109bf4b1aaed1ebe1399067b4
w00296,2025-09-21T13:02:11Z,deposit,USDT,94.48,,0xac07909c4c3b4b319efebe0989688ccb
w00296,2025-09-21T14:33:11Z,wager,USDC,86.93,,0xeffa9540390548c98d2c87dfdcb2c045
w00296,2025-09-21T14:44:11Z,payout,USDC,64.33,,0x9159ac04db4044f5845a61ea94bd3a59
w00116,2025-09-21T15:43:47Z,wager,USDC,61.35,,0x492c86b479a34ca4b4b48a34e03f2237
w00296,2025-09-21T17:02:11Z,wager,USDC,80.91,,0x94402ef0720440a89b484bf22c731151
w00296,2025-09-21T17:08:11Z,payout,USDC,67.61,,0x3a7bb49a7eea4e88b38466ee6b739b4f
w00296,2025-09-21T17:22:11Z,wager,USDT,32.73,,0x27d3b3e0cb06445996bf4ae5db9a51b9
w00296,2025-09-21T17:34:11Z,wager,USDT,21.32,,0xbf87202c1f1a4c1f993208180e13a1f1
w00296,2025-09-21T17:47:11Z,payout,USDT,23.24,,0x4685024d88454848a75480bd86e27830
w00296,2025-09-21T17:52:11Z,payout,USDT,19.96,,0xa34e318458ed481da0cad809e787e678
w00373,2025-09-21T18:05:14Z,deposit,USDT,61.34,,0x42a8108f97db47b184607aaa95a612a3
w00116,2025-09-21T19:25:47Z,wager,USDT,9.26,,0x30244e294b6e4117899a9d4c9400978c
w00116,2025-09-21T19:28:47Z,payout,USDT,6.96,,0xbe5091aed05d4e47a8a6ac9c293ede79
w00373,2025-09-21T20:59:14Z,wager,USDC,7.5,,0x98db8196a4004849b9263c4d87326a3f
w00373,2025-09-21T21:13:14Z,payout,USDC,6.09,,0x0749b2d7103d465aa60ce49861605dff
w00296,2025-09-21T21:30:11Z,wager,USDT,35.3,,0xe1f3019d0da248228c46eeebe7dc9032
w00116,2025-09-21T21:34:47Z,wager,USDT,191.95,,0xd89fb64043a14eaa9298d9d87ae1450c
w00116,2025-09-21T21:56:47Z,payout,USDT,124.86,,0x67050c08cff94b43b76bca363e4cfd76
w00296,2025-09-21T22:24:11Z,bonus,USDT,20.09,B681,0x94cda502d02c4b33b01704b98fd2c4c6
w00373,2025-09-21T22:43:14Z,wager,USDC,3.92,,0x803b2a4c88294d449f06925633ada1ba
w00373,2025-09-21T22:47:14Z,payout,USDC,3.48,,0x908c71f2d87b47d98604fab7a7b43aa8
w00116,2025-09-22T00:56:47Z,wager,USDT,24.41,,0xdfe769bd0ece43508e62faf84b1dd555
w00373,2025-09-22T00:57:14Z,wager,USDT,20.25,,0xd4846e2d2f9548318ab1198d480506df
w00116,2025-09-22T00:57:47Z,payout,USDT,22.06,,0x2512593a5c6143b9a381a9e7c5f487e9
w00373,2025-09-22T01:26:14Z,payout,USDT,17.32,,0x58aeea5fc1c34749b19b4370f0224055
w00116,2025-09-22T01:50:47Z,bonus,USDT,13.17,B186,0x8c619c76eb7b48688b95f22673a45ba3
w00373,2025-09-22T03:15:14Z,wager,USDT,22.27,,0x6a742a8922c848a7b01e02ba8deddc42
w00373,2025-09-22T03:33:14Z,payout,USDT,17.5,,0xb99a031e88a14b5497c74ae460366598
w00373,2025-09-22T05:59:14Z,wager,USDC,36.51,,0x63eee104996d40d5873b1a92ce8766c8
w00373,2025-09-22T06:08:14Z,payout,USDC,20.2,,0xcc384e08ea844ed6849dde7e2acffa36
w00373,2025-09-22T06:37:14Z,bonus,USDC,17.16,B305,0x1d831d32c3904bcdb5ae44c6a90875aa
w00373,2025-09-22T08:26:14Z,wager,USDC,24.48,,0x1eeb9ef4cc3e4cd3abe3820295818272
w00373,2025-09-22T08:55:14Z,payout,USDC,15.94,,0x550088d1bd9d4380a888a30444f39fe0
w00373,2025-09-22T09:08:14Z,bonus,USDC,24.2,B683,0x0252882c8a55439d960afc81fa7c0ddc
w00373,2025-09-22T10:43:14Z,wager,USDT,17.9,,0x01125b9fe1254989984a4211489e042a
w00137,2025-09-22T10:55:32Z,deposit,USDC,34.45,,0xd4befdb0197e439f96502ec834185479
w00373,2025-09-22T11:12:14Z,payout,USDT,12.3,,0xab5d68099fdc45819b3ed0015a107b38
w00229,2025-09-22T11:20:05Z,deposit,USDC,83.26,,0x4436f7bbd15f4b82b7b2abc5eaa22dc3
w00137,2025-09-22T12:09:32Z,wager,USDT,7.37,,0xe6220b419558417092133aa63eb2ec5b
w00137,2025-09-22T12:13:32Z,payout,USDT,6.06,,0x1f9a49b57283468099716562688c7e1e
w00137,2025-09-22T14:42:32Z,wager,USDT,21.98,,0x52c8055dcb924ad89ae2e450a2a1bd15
w00137,2025-09-22T15:02:32Z,payout,USDT,13.73,,0x2c9e438930a54d50ad6e54820333acd8
w00229,2025-09-22T15:28:05Z,wager,USDT,23.93,,0x0802d75496ad4096b03420728600e973
w00137,2025-09-22T15:31:32Z,wager,USDC,26.46,,0x49009c5a0f74491e8522ac85843289d8
w00137,2025-09-22T15:34:32Z,payout,USDC,17.89,,0xf3731d72d0d7478895ab756ccd7ce1ad
w00229,2025-09-22T17:14:05Z,wager,USDT,55.27,,0xf9b744d4c16a4d10a30857d06d83b2fe
w00229,2025-09-22T17:21:05Z,payout,USDT,41.51,,0x0e14fba2bf7347b081ec7dd6c6a501f8
w00048,2025-09-22T17:21:08Z,deposit,USDT,69.14,,0x52be52dcf8df4b658583fa745583f405
w00355,2025-09-22T17:44:12Z,deposit,USDT,155.52,,0xff5f2b32be664849aaa59e23cdbb2285
w00137,2025-09-22T17:51:32Z,wager,USDC,31.94,,0xc226583a8ca843c2aef8f30a8064b1c1
w00137,2025-09-22T17:55:32Z,payout,USDC,29.72,,0xfed937458a4444dd9e5e051fe1955650
w00048,2025-09-22T19:21:08Z,wager,USDC,28.44,,0x44ba22b4676b47908a2acdcba654c4d9
w00048,2025-09-22T19:42:08Z,payout,USDC,21.62,,0x6f47ca9816c04aa9b5c177d8ee83b713
w00048,2025-09-22T20:12:08Z,wager,USDT,20.36,,0x379d25c155fd459b85158f13a246b908
w00229,2025-09-22T20:27:05Z,wager,USDT,48.42,,0x7e68309e46044860ac09f6f153109e2a
w00048,2025-09-22T20:41:08Z,payout,USDT,14.45,,0xb7a15248ce4b4fc2b4681c3f1fe84815
w00355,2025-09-22T21:25:12Z,wager,USDT,23.49,,0x0ea477867a60417dbeb75bec374ee722
w00048,2025-09-22T21:38:08Z,wager,USDC,43.83,,0x503e1d1f19a04572abe7ce4d6aa1fd64
w00355,2025-09-22T21:40:12Z,payout,USDT,17.79,,0x15b12222bb274cd89cfa13415514caf0
w00229,2025-09-22T22:39:05Z,wager,USDT,14.17,,0x61604b638669443da97b151135e67f4e
w00229,2025-09-22T22:48:05Z,payout,USDT,7.72,,0xae0f111235fb4224b7b6d43dc8d8e15b
w00243,2025-09-23T02:16:58Z,deposit,USDC,54.86,,0xb66753e202834da1a22b9dd63fa3f5f0
w00016,2025-09-23T02:58:51Z,deposit,USDT,180.75,,0xe832ec5698dd48e486c444a64b77561e
w00243,2025-09-23T06:12:58Z,bonus,USDC,9.52,B709,0xd5390fd302f341ba95c0649b8648e0fc
w00243,2025-09-23T06:12:58Z,wager,USDC,74.22,,0x7fd1fd6c1af74de89ee4b469b6775a6d
w00243,2025-09-23T06:17:58Z,payout,USDC,55.26,,0xff082d5361644d24b308f0be19cd786c
w00243,2025-09-23T07:26:58Z,wager,USDT,31.4,,0xe5b757c3647a41e983e4827b448d8ff8
w00243,2025-09-23T07:27:58Z,bonus,USDT,18.28,B156,0xdc85b09913e64d8db1463cd22fa6e38d
w00243,2025-09-23T07:27:58Z,payout,USDT,18.04,,0x2a947b7161c04f18a42aed899b9ee1ba
w00243,2025-09-23T08:42:58Z,wager,USDC,85.02,,0x74dfe711a8684da291aa6b714cd24b58
w00243,2025-09-23T08:49:58Z,payout,USDC,44.89,,0x25b241b91b8e498990eef53fa10747b9
w00243,2025-09-23T09:20:58Z,wager,USDT,22.59,,0xca0fe0614af44c168869070276bd24ef
w00243,2025-09-23T09:29:58Z,payout,USDT,19.49,,0x451923a28e944ae0b36d173f778ca674
w00368,2025-09-23T19:48:30Z,deposit,USDT,86.93,,0x92e30d391ce741e69f31da4286b61653
w00154,2025-09-24T03:12:01Z,deposit,USDT,87.48,,0xca50fba5b25149a69c943054878c9605
w00378,2025-09-24T04:40:37Z,deposit,USDT,46.05,,0xe9832b32b8834d13b35b3f4a1c642be7
w00154,2025-09-24T06:34:01Z,wager,USDC,37.33,,0x6170dd363a0448f698fcc1cc391a4a7c
w00154,2025-09-24T06:40:01Z,payout,USDC,27.57,,0x0afa7fc6a5a84d56b009da2be692a672
w00378,2025-09-24T06:40:37Z,wager,USDT,33.0,,0xaca656d0341547de9458a85f4e04382c
w00001,2025-09-24T08:52:16Z,deposit,USDT,94.48,,0xe54e169efdc746508d5af8301a1f0d84
w00154,2025-09-24T09:35:01Z,wager,USDC,14.0,,0xd5db822ac3ad415ea357e44ba0d8733e
w00154,2025-09-24T10:00:01Z,payout,USDC,12.74,,0x5fe1298a23e6450dbd967ae813b7516e
w00154,2025-09-24T11:46:01Z,wager,USDT,34.0,,0x9836204182884947a38737f541ad8315
w00118,2025-09-24T11:50:10Z,deposit,USDT,137.68,,0xa0c35bdaba1d431cb53fdefbe35db4ba
w00154,2025-09-24T12:00:01Z,payout,USDT,19.84,,0x1e83b81895024b17b523577c35326611
w00154,2025-09-24T12:03:01Z,wager,USDT,13.18,,0x27e6ba9e8de34d92b1db0869d648c5c5
w00154,2025-09-24T12:22:01Z,payout,USDT,10.19,,0xf74cc0a0a0214946939a5d80e12d3fe2
w00154,2025-09-24T15:51:01Z,wager,USDC,26.18,,0x17e274a9c8b04ea5bd982d9bb6807ce5
w00154,2025-09-24T16:06:01Z,payout,USDC,19.67,,0x9167f19b4dd448669b356bca89017abc
w00154,2025-09-24T16:12:01Z,bonus,USDC,14.83,B930,0x813ca36c0ff740da9ccba80b8ddd0230
w00358,2025-09-24T16:21:15Z,deposit,USDT,83.07,,0x9fe6fb2bf6954bda8999fe44da34d078
w00361,2025-09-24T16:22:46Z,deposit,USDT,122.34,,0x5bd30351507f443f83007fec1ad55670
w00118,2025-09-24T16:32:10Z,wager,USDT,36.39,,0x18dcfa6a751a4092b6efd925d8af491d
w00118,2025-09-24T16:39:10Z,wager,USDT,41.07,,0xd753c71bdfb84a858a0a900221b6ae50
w00118,2025-09-24T16:39:10Z,payout,USDT,32.24,,0x15542d1f3aaa4f93851aad0cd167e218
w00118,2025-09-24T16:45:10Z,payout,USDT,20.51,,0xebf4c205d50c4cff87ce72f2608def4b
w00154,2025-09-24T17:19:01Z,wager,USDC,8.9,,0xbbdedab33af643f5a084212f5bdb3d03
w00154,2025-09-24T17:31:01Z,payout,USDC,6.19,,0x4cc8d6c8fc944b648e568870ec1bb6e9
w00361,2025-09-24T18:27:46Z,wager,USDT,55.28,,0xe061660596cc41f7a09ca09476bb9ca4
w00361,2025-09-24T18:37:46Z,wager,USDT,32.79,,0x6a0bdfe69b3c47fa855546becfd14368
w00361,2025-09-24T18:51:46Z,payout,USDT,30.55,,0xb7a2f681fb9240dcaa0ce12339700a46
w00361,2025-09-24T19:03:46Z,payout,USDT,25.43,,0x0e588e499e3742f8a5d203017fe35af7
w00118,2025-09-24T19:10:10Z,wager,USDT,21.83,,0x13cd33474ad24fec971358d9b377fb40
w00118,2025-09-24T20:32:10Z,wager,USDC,34.17,,0x071b2541af07439db631d0128af3fe9d
w00361,2025-09-24T20:40:46Z,wager,USDC,39.89,,0x97695605d51c4b988d67060c3648bf20
w00361,2025-09-24T20:43:46Z,payout,USDC,33.81,,0xdb297e1826bb4321b56fb64cb86235d4
w00118,2025-09-24T20:46:10Z,payout,USDC,30.81,,0x8309e3db21f444608a20570116e920a5
w00154,2025-09-24T20:48:01Z,wager,USDT,40.26,,0x36bdf4b70e3648cfaaef6836bbfb2e1c
w00154,2025-09-24T21:05:01Z,payout,USDT,20.34,,0x75ba5e9be6b7488e83a6340863dc8190
w00361,2025-09-24T22:18:46Z,wager,USDC,34.41,,0xe6a36a403ac64e3a918a79c2202d8db4
w00361,2025-09-24T22:30:46Z,payout,USDC,22.99,,0x000502a8a6ae443d959b652c0ffa4d20
w00115,2025-09-25T00:06:33Z,deposit,USDT,44.32,,0x36e816da9f624bac85eed019ebdfcf6a
w00115,2025-09-25T04:49:33Z,wager,USDT,38.93,,0x01ee640839c44d6f9fcf0eb99241ad58
w00115,2025-09-25T05:10:33Z,payout,USDT,29.23,,0x1896284851b14a8999d457394bfab750
w00007,2025-09-25T07:03:31Z,deposit,USDC,54.55,,0xe6e9a6c658824a498a0fa8961b77a9f4
w00115,2025-09-25T07:10:33Z,wager,USDT,164.24,,0x9bed0b9cfc5c40d39cdfbe99568c4e55
w00387,2025-09-25T07:34:15Z,deposit,USDC,36.8,,0x1135b3a837544cd0a1bb73469a27d217
w00007,2025-09-25T07:56:31Z,wager,USDC,99.15,,0xe3afda7ba7674646bdf7109463ea1211
w00007,2025-09-25T08:09:31Z,payout,USDC,51.11,,0x9fd0c6177a00402bbf7f983b27af232b
w00387,2025-09-25T09:34:15Z,wager,USDC,8.48,,0x30a028aa6dd048e994fedaae69ac905b
w00387,2025-09-25T09:46:15Z,payout,USDC,7.22,,0xd4b5f5f4f7b34da5819550c76b999d12
w00007,2025-09-25T10:08:31Z,wager,USDT,11.76,,0xf9136e9418c74515bb6fb3ec83ca65ea
w00007,2025-09-25T10:13:31Z,payout,USDT,7.53,,0x1a004895a04c4c6499e6c110572b8a7e
w00222,2025-09-25T10:33:38Z,deposit,USDT,96.37,,0x595521da11754dd4aff29d1dda7edc9c
w00387,2025-09-25T10:36:15Z,wager,USDT,96.91,,0x92d54789b58a4634af86eacb1bac82df
w00115,2025-09-25T10:52:33Z,wager,USDC,28.26,,0x0d77f3c53f734359946804bc95f45a51
w00387,2025-09-25T11:01:15Z,payout,USDT,83.47,,0xdc601be869024aacb3140b78ad0ca813
w00007,2025-09-25T11:01:31Z,bonus,USDT,9.16,B871,0x481d4ebb05fc45b1b3324ce3a8d85023
w00115,2025-09-25T11:18:33Z,payout,USDC,23.67,,0x94792a56f10447f1961315eb0005965b
w00115,2025-09-25T13:30:33Z,wager,USDC,18.23,,0x6ac0b79ac1c24a5caf3e370a38093bf7
w00115,2025-09-25T13:42:33Z,payout,USDC,10.68,,0x6fbfc0fc2e9e46ba8300ee7497668bf7
w00007,2025-09-25T13:49:31Z,wager,USDT,20.36,,0x5202309672774817a3ab814aa58d8eb4
w00007,2025-09-25T14:14:31Z,payout,USDT,19.06,,0xbf919e6bfaa64c1db2466f659f09772f
w00093,2025-09-25T16:44:04Z,deposit,USDC,72.19,,0xec13c9beca544d4390e073e32f2d84a9
w00007,2025-09-25T17:37:31Z,wager,USDC,5.9,,0x1ae6ce645c1744678bfabad68b4de5eb
w00007,2025-09-25T17:51:31Z,wager,USDT,13.06,,0x14c3a83c8f104da28862ea7368f76220
w00007,2025-09-25T18:05:31Z,payout,USDT,10.8,,0xcd85e0eb4ac74cc4a931eb893b750c91
w00375,2025-09-25T18:52:15Z,deposit,USDC,105.95,,0xa38acd7f48fd4851a4dd807f61fcd2c7
w00246,2025-09-25T20:09:22Z,deposit,USDC,72.37,,0xbc0ad0cb51c94cb7bb1baa401dcf5daa
w00007,2025-09-25T21:19:31Z,wager,USDT,25.0,,0x2357c47d046d451399337d4aa76c4dee
w00007,2025-09-25T21:33:31Z,payout,USDT,20.91,,0xba35da41b1e840fb9ae700c2d9167f3c
w00007,2025-09-25T22:12:31Z,wager,USDT,21.96,,0xf1bf46276688486db2befe677623f4b5
w00246,2025-09-25T22:26:22Z,wager,USDT,82.1,,0xb88657f1634842a580e2d7f25d6c81ca
w00007,2025-09-25T22:36:31Z,payout,USDT,16.78,,0x5155be383f974362a05eb51bcbec5d90
w00246,2025-09-25T22:49:22Z,payout,USDT,60.24,,0x5cb48232e3ad44729f3fc8b32e83c72a
w00233,2025-09-26T00:43:20Z,deposit,USDC,170.81,,0x8e61f14bf3844643a9349d2359450ea0
w00246,2025-09-26T02:18:22Z,wager,USDC,32.86,,0xe3886bbc222248d680da1fb27091577c
w00233,2025-09-26T02:36:20Z,wager,USDC,16.03,,0x88f55cbdb3ed49238b9f791c66bd6b21
w00246,2025-09-26T02:39:22Z,payout,USDC,29.41,,0x15b9e7877f584670af1c50fb5d48ddd2
w00233,2025-09-26T02:50:20Z,wager,USDT,18.42,,0x9c2ac65a9b854086ba75b548c9b25189
w00233,2025-09-26T02:54:20Z,payout,USDT,15.21,,0x745bcaf9802c49c0a1f15f6a756d37bc
w00233,2025-09-26T03:03:20Z,payout,USDC,9.22,,0xd2bde3f7338049ef8e27a818fee7e9f4
w00306,2025-09-26T03:15:34Z,deposit,USDC,110.95,,0x9f30eb1166334732947d7db978d8811d
w00233,2025-09-26T04:10:20Z,wager,USDT,162.51,,0x042c8f2b45d14e42845a4d29bba66c64
w00246,2025-09-26T04:23:22Z,wager,USDT,19.14,,0x867ebbf53507404a80468698a2fac8f6
w00233,2025-09-26T04:29:20Z,payout,USDT,97.74,,0x940cf434d0524962be285cfbbbc3177e
w00306,2025-09-26T05:42:34Z,wager,USDT,12.69,,0xc9792102152d4e15acf3b94b64d9b7a2
w00306,2025-09-26T05:54:34Z,payout,USDT,9.32,,0x0b4d20876c1b4b44b1d301876810d70f
w00306,2025-09-26T06:41:34Z,wager,USDC,13.31,,0x982db64e0a404cb29a8b2746a9bc1fc4
w00233,2025-09-26T06:52:20Z,wager,USDT,114.78,,0x7b8d641abf1f42ec8b846fefb9fa5e29
w00306,2025-09-26T06:58:34Z,payout,USDC,11.3,,0x6507131f36cc4530a2030bfc7eca61e3
w00233,2025-09-26T07:10:20Z,payout,USDT,88.35,,0x47d3b44dcabf4921ae285508a5423ad5
w00306,2025-09-26T07:15:34Z,wager,USDT,12.35,,0x715e359d93284d9aba97ae7c853cd016
w00246,2025-09-26T08:16:22Z,wager,USDT,16.74,,0xee63f42fbbc44519944dd091d165ef62
w00306,2025-09-26T08:37:34Z,wager,USDC,21.61,,0x471dd9e6d3ef467fb5645cbe249a1ab5
w00306,2025-09-26T08:47:34Z,payout,USDC,18.82,,0x74c9984fac7b42b4a43112f77d4b1740
w00233,2025-09-26T09:31:20Z,wager,USDC,63.17,,0xfe6d55566e64490aa0800b8415562672
w00233,2025-09-26T09:49:20Z,payout,USDC,32.24,,0x8153b3c993dd41678246aa0d6bb87a81
w00246,2025-09-26T10:09:22Z,wager,USDT,82.09,,0xa62976ce13064951bb1bf604e416e90f
w00246,2025-09-26T10:33:22Z,payout,USDT,42.05,,0xe1bccc9f15214aab93de8877d38a9630
w00306,2025-09-26T11:42:34Z,wager,USDC,17.12,,0xfa61a305bc0e4626a57f4d5c02d3c749
w00319,2025-09-26T11:46:20Z,deposit,USDT,105.54,,0xaf6e4085e13f42a88a6c49c76a4e6f9e
w00306,2025-09-26T12:07:34Z,payout,USDC,8.56,,0x29253cfd3acf4919984ad8156672f90e
w00306,2025-09-26T13:15:34Z,wager,USDT,9.24,,0x7367ecfb22df45768352e4455d6cbac7
w00275,2025-09-26T17:37:30Z,deposit,USDT,85.54,,0x52f717eb3aeb4f2387434c60bf3e3289
w00275,2025-09-26T19:47:30Z,wager,USDC,33.19,,0x0a31e52a9722439fba6af18603cd4af5
w00275,2025-09-26T20:03:30Z,payout,USDC,28.58,,0xa49c1b3530e5454b904716a7e63e09eb
w00275,2025-09-26T20:29:30Z,bonus,USDC,9.37,B717,0xdc7629a9592d4bab9000a40c38ce7a78
w00362,2025-09-26T22:22:26Z,deposit,USDT,65.71,,0x375ae813c19b47dba82f16a7f94fef73
w00362,2025-09-26T23:19:26Z,wager,USDC,26.3,,0x2eea88f5bf724f598ebc0529e075babf
w00362,2025-09-26T23:37:26Z,payout,USDC,19.56,,0x79773d9570ba4d3f8edbacb96b80fa3b
w00328,2025-09-27T02:19:21Z,deposit,USDT,103.04,,0xf49243f61f394e42820e62255c81e992
w00362,2025-09-27T03:16:26Z,wager,USDT,25.11,,0xfa2a9846d7e042eda9143016f6a5fdfb
w00362,2025-09-27T03:21:26Z,payout,USDT,19.53,,0xc383d0f27d8947148cdc36772413ff19
w00328,2025-09-27T04:45:21Z,wager,USDT,43.55,,0xb0627c25ecc345ce955a187dbc2f76a7
w00328,2025-09-27T04:47:21Z,payout,USDT,27.71,,0x518f9a84c6984e53a7abcde1280a9560
w00290,2025-09-27T05:36:10Z,deposit,USDT,135.78,,0x21f8a3642f5e4584b406b2830553a630
w00362,2025-09-27T06:12:26Z,wager,USDT,38.41,,0x81962d002cbf4ddb909b9219baef65eb
w00362,2025-09-27T06:39:26Z,wager,USDC,26.64,,0xc8519017bf9542d1ac184170b9ae5b56
w00362,2025-09-27T06:41:26Z,payout,USDC,18.52,,0xc7314ffd99eb46f994406ecc21e67ad8
w00328,2025-09-27T08:31:21Z,wager,USDT,33.73,,0x084f9ed93dd04b4b839673dbded41091
w00328,2025-09-27T08:45:21Z,payout,USDT,24.21,,0x205ae2e5159b4c409f92c61741eecdb8
w00328,2025-09-27T10:35:21Z,wager,USDT,30.11,,0x511328b55ed34f9c9d9d122c2a3bd2ef
w00244,2025-09-27T11:24:28Z,deposit,USDT,25.37,,0x24eb16b434794f7eb7584acfe02ee065
w00328,2025-09-27T12:05:21Z,wager,USDC,16.67,,0x9afffe54dfc445ceb4598b8f75a09f00
w00328,2025-09-27T12:09:21Z,bonus,USDC,24.8,B730,0x8f968be734984280a1c0f454d3ba2ee3
w00328,2025-09-27T13:01:21Z,wager,USDT,26.34,,0x77f37a75635c4b0e993ac2aa27036057
w00328,2025-09-27T13:18:21Z,payout,USDT,24.92,,0x9b55d6b0642a431b8b6dbb6beb192181
w00156,2025-09-28T00:49:04Z,deposit,USDT,81.26,,0xdb219ff3be384895b842a4c4a33a5d92
w00156,2025-09-28T05:07:04Z,wager,USDT,12.89,,0x879f15fe49d6416e97f8ff21326f2cea
w00156,2025-09-28T05:29:04Z,payout,USDT,7.61,,0x29682040b859456cb6b7303dd3342a32
w00156,2025-09-28T06:08:04Z,wager,USDT,34.69,,0xc15acb6e1a2b40bfbf324e08f66f76a4
w00156,2025-09-28T06:13:04Z,payout,USDT,28.37,,0xe731b4771ac546e8b5a43c8c169e845a
w00156,2025-09-28T06:17:04Z,wager,USDT,29.75,,0x9e2c95b7a8d846509a3ca8151780cc6f
w00021,2025-09-28T06:18:26Z,deposit,USDC,63.69,,0xd1edbdf255f04b3aa9d73223a9541945
w00156,2025-09-28T06:23:04Z,payout,USDT,27.41,,0x658d973d6aaa452086b07e43de51a339
w00156,2025-09-28T07:06:04Z,bonus,USDT,17.26,B652,0xe939e91205f744bd8898ba0a63ca311c
w00147,2025-09-28T07:46:46Z,deposit,USDC,73.83,,0x71c0cce08bc6453bb26eb7c6d4356305
w00075,2025-09-28T07:55:50Z,deposit,USDT,39.81,,0x0071a26e5466435eae2dd7005d56514b
w00156,2025-09-28T08:08:04Z,wager,USDC,65.74,,0x2ba2001b93f64505a32991c0456f7724
w00156,2025-09-28T10:15:04Z,wager,USDC,40.11,,0x44bf6739ac19485cb8fdf611f60f2c00
w00156,2025-09-28T10:34:04Z,payout,USDC,21.5,,0xa6d8342cc55f420986d1d990171dccca
w00156,2025-09-28T10:37:04Z,wager,USDC,122.62,,0xc4f8adac33974c39be2cfcc51e52b49c
w00156,2025-09-28T10:39:04Z,payout,USDC,86.27,,0x038b1ae32d4e430cb1a73e9b9d479a45
w00075,2025-09-28T10:59:50Z,wager,USDC,30.96,,0xbb356b9d00dc40129ea4d08332e71753
w00075,2025-09-28T11:13:50Z,payout,USDC,22.17,,0x4edf340e7c624d21821c28a9c2c26f20
w00278,2025-09-28T21:35:51Z,deposit,USDT,59.27,,0xd258b23bb9014a9cba9e3e0b155ea6bf
w00184,2025-09-29T00:20:45Z,deposit,USDC,70.98,,0x899636a988114049afa0ea78ab58c1b5
w00052,2025-09-29T00:43:46Z,deposit,USDC,68.86,,0x40239111a3e0411da6ed3b678793f956
w00188,2025-09-29T01:21:16Z,deposit,USDT,123.28,,0x890174d1b7464bb1a419ae311214b935
w00278,2025-09-29T01:53:51Z,wager,USDT,28.46,,0x51e4e62b07c041c2b849b2aa3378bce0
w00278,2025-09-29T02:06:51Z,payout,USDT,20.0,,0xbb0271bfaf2c45ffa513c447e5466b89
w00278,2025-09-29T02:12:51Z,wager,USDT,20.93,,0xcd0ff997c2b54406bd885ddfb7e09763
w00278,2025-09-29T02:19:51Z,payout,USDT,14.34,,0x8cc595b2caac4400b2f3a94b12120b11
w00184,2025-09-29T03:08:45Z,wager,USDT,29.6,,0x79f70165a5464af8b3c9f864f31954a4
w00184,2025-09-29T03:29:45Z,payout,USDT,14.83,,0x5b4d5a1d2e8a4b05ba703c62741dd2af
w00052,2025-09-29T04:50:46Z,wager,USDC,15.56,,0x5f0897ba8d254cfa9acfe6c2e3bfa25e
w00052,2025-09-29T04:50:46Z,payout,USDC,8.99,,0xd72602b340394a37ae41f8ea0917da78
w00188,2025-09-29T05:20:16Z,wager,USDT,40.4,,0x632640e023f94298bed4330cd57a8b4f
w00278,2025-09-29T05:21:51Z,wager,USDC,12.35,,0x70d5220c63d349d093eef44978ab3dc3
w00188,2025-09-29T05:37:16Z,payout,USDT,28.41,,0x8cdfb58cbbf04ceca9e80b3b46c5e7b1
w00052,2025-09-29T06:48:46Z,wager,USDC,9.17,,0x98b5cf1d7fa14b2b91fb3771aa79c5bc
w00052,2025-09-29T06:55:46Z,payout,USDC,7.53,,0x8867cb0662804a899b5478257302d9db
w00188,2025-09-29T07:08:16Z,wager,USDT,19.83,,0x88569cd9534740519593404472098031
w00188,2025-09-29T07:30:16Z,payout,USDT,17.61,,0xd9989cf15bf743ca869044acc8b53ee9
w00188,2025-09-29T09:37:16Z,wager,USDC,17.99,,0x04a42a13e398457793c700c21b5fbcd7
w00052,2025-09-29T10:45:46Z,wager,USDT,21.32,,0x858a5ba0d19143b68ed139cb3b88790c
w00052,2025-09-29T10:49:46Z,bonus,USDT,15.33,B803,0x74bf84f128aa49e8822dcd9707860f00
w00052,2025-09-29T11:00:46Z,payout,USDT,13.35,,0x0e466bf531204d2489ff54566dc9119f
w00052,2025-09-29T12:01:46Z,wager,USDT,10.71,,0x11c45f8085af451f9d0b2483eacd14e6
w00052,2025-09-29T12:19:46Z,payout,USDT,8.08,,0xd3476a28d29d4823866961ac80d7db68
w00212,2025-09-29T16:55:55Z,deposit,USDC,35.08,,0x0fa14a9baa9f41cc80d7549c8880927a
w00318,2025-09-29T21:20:20Z,deposit,USDC,105.39,,0x30e72e6e8d8646a98ddfdbf6e5b36d70
w00232,2025-09-29T22:10:08Z,deposit,USDC,87.3,,0x160e3dfea50f4ab990883b243593eb62
w00212,2025-09-29T22:24:55Z,wager,USDC,24.78,,0xd652cba12ac34fb3b49523d106e1c2c7
w00212,2025-09-29T22:51:55Z,payout,USDC,16.49,,0xbdc53e5fce6a4eccb4ff2fc31a27d244
w00212,2025-09-29T23:00:55Z,bonus,USDC,14.63,B554,0x98dfd2dfbb6f4af995adabefdf8a7b61
w00212,2025-09-29T23:50:55Z,wager,USDC,54.19,,0x923c497549674a9a83f2dce875d2d460
w00212,2025-09-30T00:12:55Z,payout,USDC,50.6,,0xce8fa2dcaa8a4966b3fdbe26cd3ef580
w00221,2025-09-30T02:57:52Z,deposit,USDT,175.03,,0x07fff034b61841bca60dce3e37858259
w00212,2025-09-30T03:40:55Z,wager,USDT,18.11,,0xf1c1764659574b58baad5fb06df51ca5
w00212,2025-09-30T03:49:55Z,payout,USDT,11.17,,0xbef1db70a6754e82a13544cd33cc5c0c
w00221,2025-09-30T07:00:52Z,wager,USDT,33.45,,0x4ab13e8500464853b71f66df1fb1cf75
w00212,2025-09-30T07:15:55Z,wager,USDT,4.42,,0xac848919a1e34a999b0f08aa145f1d5b
w00212,2025-09-30T07:21:55Z,payout,USDT,2.48,,0xacd2a8ce7f134d74982d2cb9b1682141
w00221,2025-09-30T07:26:52Z,payout,USDT,27.65,,0xfeca0a64c63f4dbda32e6ecc75fb5d7d
w00264,2025-09-30T09:01:54Z,deposit,USDC,100.42,,0x98380a986a80414f806c8bef4e99bb5e
w00221,2025-09-30T09:31:52Z,wager,USDT,26.86,,0x84892a6d1edf45c4b3b3b78559cd5e10
w00221,2025-09-30T09:43:52Z,payout,USDT,23.59,,0xfb70fb567e0e4e399767324241b25693
w00212,2025-09-30T10:53:55Z,wager,USDC,9.27,,0x7dac418420cb468fafdcb608c82b59e9
w00212,2025-09-30T11:13:55Z,payout,USDC,5.64,,0xe352013ec54b4b1d947d889775306ff8
w00212,2025-09-30T11:24:55Z,bonus,USDC,8.98,B272,0xf3bc75169fe244c098e4efda75cf5c45
w00264,2025-09-30T12:36:54Z,wager,USDT,14.21,,0xff743d82f58843aead4ac76f472fdab3
w00264,2025-09-30T12:43:54Z,payout,USDT,8.56,,0xf055806a546e48b885bda8ad03f5920a
w00212,2025-09-30T13:37:55Z,wager,USDT,55.87,,0x36869edb98dc469db2501c90f6a30e68
w00264,2025-09-30T14:03:54Z,wager,USDT,38.58,,0xaf536ee5240945a9b820f835c23eeaf3
w00264,2025-09-30T14:05:54Z,payout,USDT,20.63,,0x8b47c0f5ee1c42cbb61c0543e06e649c
w00212,2025-09-30T15:56:55Z,wager,USDT,10.26,,0xffab4fb72dcc45268c6602eaf587c566
w00212,2025-09-30T16:15:55Z,payout,USDT,7.23,,0x80c8cb2655ba401fa7be2a23bd8133fe
